from_machine,to_machine,with_handling_sec
M1,M2,31.0
M1,M3,42.0
M1,M4,53.0
M1,M5,64.0
M1,M6,93.592
M1,M7,104.592
M1,M8,115.592
M1,M9,126.592
M1,M10,137.592
M1,M11,171.584
M1,M12,182.584
M1,M13,153.984
M1,M14,164.984
M1,M15,175.984
M1,M16,139.577
M1,M17,150.577
M1,M18,161.577
M1,M19,172.577
M1,M20,183.577
M1,M21,189.184
M1,M22,200.184
M1,M23,199.969
M1,M24,210.969
M1,M25,160.369
M1,M26,189.961
M1,M27,200.961
M1,M28,211.961
M1,M29,222.961
M1,M30,227.577
M1,M31,206.784
M1,M32,217.784
M1,M33,228.784
M1,M34,239.784
M1,M35,210.753
M1,M36,240.346
M1,M37,251.346
M1,M38,262.346
M1,M39,273.346
M1,M40,245.177
M1,M41,224.384
M1,M42,235.384
M1,M43,246.384
M1,M44,257.384
M1,M45,261.138
M1,M46,290.73
M1,M47,301.73
M1,M48,312.73
M1,M49,323.73
M1,M50,334.73
M1,M51,276.538
M1,M52,287.538
M1,M53,298.538
M1,M54,309.538
M1,M55,320.538
M1,M56,350.13
M1,M57,347.93
M1,M58,358.93
M1,M59,369.93
M1,M60,314.93
M1,M61,294.138
M1,M62,305.138
M1,M63,316.138
M1,M64,327.138
M1,M65,338.138
M1,M66,367.73
M1,M67,365.53
M1,M68,376.53
M1,M69,387.53
M1,M70,332.53
M1,M71,311.738
M1,M72,322.738
M1,M73,333.738
M1,M74,344.738
M1,M75,355.738
M1,M76,385.33
M1,M77,383.13
M1,M78,394.13
M1,M79,405.13
M1,M80,350.13
M1,M81,329.338
M1,M82,340.338
M1,M83,351.338
M1,M84,362.338
M1,M85,373.338
M1,M86,402.93
M1,M87,400.73
M1,M88,411.73
M1,M89,422.73
M1,M90,367.73
M1,M91,346.938
M1,M92,357.938
M1,M93,368.938
M1,M94,379.938
M1,M95,390.938
M1,M96,377.314
M1,M97,388.314
M1,M98,399.314
M1,M99,410.314
M1,M100,421.314
M2,M1,281.275
M2,M3,31.0
M2,M4,42.0
M2,M5,53.0
M2,M6,82.592
M2,M7,93.592
M2,M8,104.592
M2,M9,115.592
M2,M10,126.592
M2,M11,160.584
M2,M12,171.584
M2,M13,142.984
M2,M14,153.984
M2,M15,164.984
M2,M16,128.577
M2,M17,139.577
M2,M18,150.577
M2,M19,161.577
M2,M20,172.577
M2,M21,178.184
M2,M22,189.184
M2,M23,188.969
M2,M24,199.969
M2,M25,149.369
M2,M26,178.961
M2,M27,189.961
M2,M28,200.961
M2,M29,211.961
M2,M30,216.577
M2,M31,195.784
M2,M32,206.784
M2,M33,217.784
M2,M34,228.784
M2,M35,199.753
M2,M36,229.346
M2,M37,240.346
M2,M38,251.346
M2,M39,262.346
M2,M40,234.177
M2,M41,213.384
M2,M42,224.384
M2,M43,235.384
M2,M44,246.384
M2,M45,250.138
M2,M46,279.73
M2,M47,290.73
M2,M48,301.73
M2,M49,312.73
M2,M50,323.73
M2,M51,265.538
M2,M52,276.538
M2,M53,287.538
M2,M54,298.538
M2,M55,309.538
M2,M56,339.13
M2,M57,336.93
M2,M58,347.93
M2,M59,358.93
M2,M60,303.93
M2,M61,283.138
M2,M62,294.138
M2,M63,305.138
M2,M64,316.138
M2,M65,327.138
M2,M66,356.73
M2,M67,354.53
M2,M68,365.53
M2,M69,376.53
M2,M70,321.53
M2,M71,300.738
M2,M72,311.738
M2,M73,322.738
M2,M74,333.738
M2,M75,344.738
M2,M76,374.33
M2,M77,372.13
M2,M78,383.13
M2,M79,394.13
M2,M80,339.13
M2,M81,318.338
M2,M82,329.338
M2,M83,340.338
M2,M84,351.338
M2,M85,362.338
M2,M86,391.93
M2,M87,389.73
M2,M88,400.73
M2,M89,411.73
M2,M90,356.73
M2,M91,335.938
M2,M92,346.938
M2,M93,357.938
M2,M94,368.938
M2,M95,379.938
M2,M96,366.314
M2,M97,377.314
M2,M98,388.314
M2,M99,399.314
M2,M100,410.314
M3,M1,270.275
M3,M2,281.275
M3,M4,31.0
M3,M5,42.0
M3,M6,71.592
M3,M7,82.592
M3,M8,93.592
M3,M9,104.592
M3,M10,115.592
M3,M11,149.584
M3,M12,160.584
M3,M13,131.984
M3,M14,142.984
M3,M15,153.984
M3,M16,117.577
M3,M17,128.577
M3,M18,139.577
M3,M19,150.577
M3,M20,161.577
M3,M21,167.184
M3,M22,178.184
M3,M23,177.969
M3,M24,188.969
M3,M25,138.369
M3,M26,167.961
M3,M27,178.961
M3,M28,189.961
M3,M29,200.961
M3,M30,205.577
M3,M31,184.784
M3,M32,195.784
M3,M33,206.784
M3,M34,217.784
M3,M35,188.753
M3,M36,218.346
M3,M37,229.346
M3,M38,240.346
M3,M39,251.346
M3,M40,223.177
M3,M41,202.384
M3,M42,213.384
M3,M43,224.384
M3,M44,235.384
M3,M45,239.138
M3,M46,268.73
M3,M47,279.73
M3,M48,290.73
M3,M49,301.73
M3,M50,312.73
M3,M51,254.538
M3,M52,265.538
M3,M53,276.538
M3,M54,287.538
M3,M55,298.538
M3,M56,328.13
M3,M57,325.93
M3,M58,336.93
M3,M59,347.93
M3,M60,292.93
M3,M61,272.138
M3,M62,283.138
M3,M63,294.138
M3,M64,305.138
M3,M65,316.138
M3,M66,345.73
M3,M67,343.53
M3,M68,354.53
M3,M69,365.53
M3,M70,310.53
M3,M71,289.738
M3,M72,300.738
M3,M73,311.738
M3,M74,322.738
M3,M75,333.738
M3,M76,363.33
M3,M77,361.13
M3,M78,372.13
M3,M79,383.13
M3,M80,328.13
M3,M81,307.338
M3,M82,318.338
M3,M83,329.338
M3,M84,340.338
M3,M85,351.338
M3,M86,380.93
M3,M87,378.73
M3,M88,389.73
M3,M89,400.73
M3,M90,345.73
M3,M91,324.938
M3,M92,335.938
M3,M93,346.938
M3,M94,357.938
M3,M95,368.938
M3,M96,355.314
M3,M97,366.314
M3,M98,377.314
M3,M99,388.314
M3,M100,399.314
M4,M1,259.275
M4,M2,270.275
M4,M3,281.275
M4,M5,31.0
M4,M6,60.592
M4,M7,71.592
M4,M8,82.592
M4,M9,93.592
M4,M10,104.592
M4,M11,138.584
M4,M12,149.584
M4,M13,120.984
M4,M14,131.984
M4,M15,142.984
M4,M16,106.577
M4,M17,117.577
M4,M18,128.577
M4,M19,139.577
M4,M20,150.577
M4,M21,156.184
M4,M22,167.184
M4,M23,166.969
M4,M24,177.969
M4,M25,127.369
M4,M26,156.961
M4,M27,167.961
M4,M28,178.961
M4,M29,189.961
M4,M30,194.577
M4,M31,173.784
M4,M32,184.784
M4,M33,195.784
M4,M34,206.784
M4,M35,177.753
M4,M36,207.346
M4,M37,218.346
M4,M38,229.346
M4,M39,240.346
M4,M40,212.177
M4,M41,191.384
M4,M42,202.384
M4,M43,213.384
M4,M44,224.384
M4,M45,228.138
M4,M46,257.73
M4,M47,268.73
M4,M48,279.73
M4,M49,290.73
M4,M50,301.73
M4,M51,243.538
M4,M52,254.538
M4,M53,265.538
M4,M54,276.538
M4,M55,287.538
M4,M56,317.13
M4,M57,314.93
M4,M58,325.93
M4,M59,336.93
M4,M60,281.93
M4,M61,261.138
M4,M62,272.138
M4,M63,283.138
M4,M64,294.138
M4,M65,305.138
M4,M66,334.73
M4,M67,332.53
M4,M68,343.53
M4,M69,354.53
M4,M70,299.53
M4,M71,278.738
M4,M72,289.738
M4,M73,300.738
M4,M74,311.738
M4,M75,322.738
M4,M76,352.33
M4,M77,350.13
M4,M78,361.13
M4,M79,372.13
M4,M80,317.13
M4,M81,296.338
M4,M82,307.338
M4,M83,318.338
M4,M84,329.338
M4,M85,340.338
M4,M86,369.93
M4,M87,367.73
M4,M88,378.73
M4,M89,389.73
M4,M90,334.73
M4,M91,313.938
M4,M92,324.938
M4,M93,335.938
M4,M94,346.938
M4,M95,357.938
M4,M96,344.314
M4,M97,355.314
M4,M98,366.314
M4,M99,377.314
M4,M100,388.314
M5,M1,248.275
M5,M2,259.275
M5,M3,270.275
M5,M4,281.275
M5,M6,49.592
M5,M7,60.592
M5,M8,71.592
M5,M9,82.592
M5,M10,93.592
M5,M11,127.584
M5,M12,138.584
M5,M13,109.984
M5,M14,120.984
M5,M15,131.984
M5,M16,95.577
M5,M17,106.577
M5,M18,117.577
M5,M19,128.577
M5,M20,139.577
M5,M21,145.184
M5,M22,156.184
M5,M23,155.969
M5,M24,166.969
M5,M25,116.369
M5,M26,145.961
M5,M27,156.961
M5,M28,167.961
M5,M29,178.961
M5,M30,183.577
M5,M31,162.784
M5,M32,173.784
M5,M33,184.784
M5,M34,195.784
M5,M35,166.753
M5,M36,196.346
M5,M37,207.346
M5,M38,218.346
M5,M39,229.346
M5,M40,201.177
M5,M41,180.384
M5,M42,191.384
M5,M43,202.384
M5,M44,213.384
M5,M45,217.138
M5,M46,246.73
M5,M47,257.73
M5,M48,268.73
M5,M49,279.73
M5,M50,290.73
M5,M51,232.538
M5,M52,243.538
M5,M53,254.538
M5,M54,265.538
M5,M55,276.538
M5,M56,306.13
M5,M57,303.93
M5,M58,314.93
M5,M59,325.93
M5,M60,270.93
M5,M61,250.138
M5,M62,261.138
M5,M63,272.138
M5,M64,283.138
M5,M65,294.138
M5,M66,323.73
M5,M67,321.53
M5,M68,332.53
M5,M69,343.53
M5,M70,288.53
M5,M71,267.738
M5,M72,278.738
M5,M73,289.738
M5,M74,300.738
M5,M75,311.738
M5,M76,341.33
M5,M77,339.13
M5,M78,350.13
M5,M79,361.13
M5,M80,306.13
M5,M81,285.338
M5,M82,296.338
M5,M83,307.338
M5,M84,318.338
M5,M85,329.338
M5,M86,358.93
M5,M87,356.73
M5,M88,367.73
M5,M89,378.73
M5,M90,323.73
M5,M91,302.938
M5,M92,313.938
M5,M93,324.938
M5,M94,335.938
M5,M95,346.938
M5,M96,333.314
M5,M97,344.314
M5,M98,355.314
M5,M99,366.314
M5,M100,377.314
M6,M1,284.683
M6,M2,295.683
M6,M3,306.683
M6,M4,317.683
M6,M5,328.683
M6,M7,31.0
M6,M8,42.0
M6,M9,53.0
M6,M10,64.0
M6,M11,97.992
M6,M12,108.992
M6,M13,80.392
M6,M14,91.392
M6,M15,102.392
M6,M16,131.984
M6,M17,142.984
M6,M18,153.984
M6,M19,164.984
M6,M20,136.384
M6,M21,115.592
M6,M22,126.592
M6,M23,137.592
M6,M24,148.592
M6,M25,152.777
M6,M26,182.369
M6,M27,186.984
M6,M28,197.984
M6,M29,208.984
M6,M30,153.984
M6,M31,133.192
M6,M32,144.192
M6,M33,155.192
M6,M34,166.192
M6,M35,177.192
M6,M36,206.784
M6,M37,204.584
M6,M38,215.584
M6,M39,226.584
M6,M40,171.584
M6,M41,150.792
M6,M42,161.792
M6,M43,172.792
M6,M44,183.792
M6,M45,194.792
M6,M46,224.384
M6,M47,235.384
M6,M48,246.384
M6,M49,257.384
M6,M50,268.384
M6,M51,202.945
M6,M52,213.945
M6,M53,224.945
M6,M54,235.945
M6,M55,246.945
M6,M56,276.538
M6,M57,274.338
M6,M58,285.338
M6,M59,296.338
M6,M60,241.338
M6,M61,220.545
M6,M62,231.545
M6,M63,242.545
M6,M64,253.545
M6,M65,264.545
M6,M66,294.138
M6,M67,291.938
M6,M68,302.938
M6,M69,313.938
M6,M70,258.938
M6,M71,238.145
M6,M72,249.145
M6,M73,260.145
M6,M74,271.145
M6,M75,282.145
M6,M76,311.738
M6,M77,309.538
M6,M78,320.538
M6,M79,331.538
M6,M80,276.538
M6,M81,255.745
M6,M82,266.745
M6,M83,277.745
M6,M84,288.745
M6,M85,299.745
M6,M86,329.338
M6,M87,327.138
M6,M88,338.138
M6,M89,349.138
M6,M90,294.138
M6,M91,273.345
M6,M92,284.345
M6,M93,295.345
M6,M94,306.345
M6,M95,317.345
M6,M96,346.938
M6,M97,357.938
M6,M98,368.938
M6,M99,379.938
M6,M100,390.938
M7,M1,273.683
M7,M2,284.683
M7,M3,295.683
M7,M4,306.683
M7,M5,317.683
M7,M6,161.93
M7,M8,31.0
M7,M9,42.0
M7,M10,53.0
M7,M11,86.992
M7,M12,97.992
M7,M13,69.392
M7,M14,80.392
M7,M15,91.392
M7,M16,120.984
M7,M17,131.984
M7,M18,142.984
M7,M19,153.984
M7,M20,125.384
M7,M21,104.592
M7,M22,115.592
M7,M23,126.592
M7,M24,137.592
M7,M25,141.777
M7,M26,171.369
M7,M27,175.984
M7,M28,186.984
M7,M29,197.984
M7,M30,142.984
M7,M31,122.192
M7,M32,133.192
M7,M33,144.192
M7,M34,155.192
M7,M35,166.192
M7,M36,195.784
M7,M37,193.584
M7,M38,204.584
M7,M39,215.584
M7,M40,160.584
M7,M41,139.792
M7,M42,150.792
M7,M43,161.792
M7,M44,172.792
M7,M45,183.792
M7,M46,213.384
M7,M47,224.384
M7,M48,235.384
M7,M49,246.384
M7,M50,257.384
M7,M51,191.945
M7,M52,202.945
M7,M53,213.945
M7,M54,224.945
M7,M55,235.945
M7,M56,265.538
M7,M57,263.338
M7,M58,274.338
M7,M59,285.338
M7,M60,230.338
M7,M61,209.545
M7,M62,220.545
M7,M63,231.545
M7,M64,242.545
M7,M65,253.545
M7,M66,283.138
M7,M67,280.938
M7,M68,291.938
M7,M69,302.938
M7,M70,247.938
M7,M71,227.145
M7,M72,238.145
M7,M73,249.145
M7,M74,260.145
M7,M75,271.145
M7,M76,300.738
M7,M77,298.538
M7,M78,309.538
M7,M79,320.538
M7,M80,265.538
M7,M81,244.745
M7,M82,255.745
M7,M83,266.745
M7,M84,277.745
M7,M85,288.745
M7,M86,318.338
M7,M87,316.138
M7,M88,327.138
M7,M89,338.138
M7,M90,283.138
M7,M91,262.345
M7,M92,273.345
M7,M93,284.345
M7,M94,295.345
M7,M95,306.345
M7,M96,335.938
M7,M97,346.938
M7,M98,357.938
M7,M99,368.938
M7,M100,379.938
M8,M1,262.683
M8,M2,273.683
M8,M3,284.683
M8,M4,295.683
M8,M5,306.683
M8,M6,150.93
M8,M7,90.184
M8,M9,31.0
M8,M10,42.0
M8,M11,75.992
M8,M12,86.992
M8,M13,58.392
M8,M14,69.392
M8,M15,80.392
M8,M16,109.984
M8,M17,120.984
M8,M18,131.984
M8,M19,142.984
M8,M20,114.384
M8,M21,93.592
M8,M22,104.592
M8,M23,115.592
M8,M24,126.592
M8,M25,130.777
M8,M26,160.369
M8,M27,164.984
M8,M28,175.984
M8,M29,186.984
M8,M30,131.984
M8,M31,111.192
M8,M32,122.192
M8,M33,133.192
M8,M34,144.192
M8,M35,155.192
M8,M36,184.784
M8,M37,182.584
M8,M38,193.584
M8,M39,204.584
M8,M40,149.584
M8,M41,128.792
M8,M42,139.792
M8,M43,150.792
M8,M44,161.792
M8,M45,172.792
M8,M46,202.384
M8,M47,213.384
M8,M48,224.384
M8,M49,235.384
M8,M50,246.384
M8,M51,180.945
M8,M52,191.945
M8,M53,202.945
M8,M54,213.945
M8,M55,224.945
M8,M56,254.538
M8,M57,252.338
M8,M58,263.338
M8,M59,274.338
M8,M60,219.338
M8,M61,198.545
M8,M62,209.545
M8,M63,220.545
M8,M64,231.545
M8,M65,242.545
M8,M66,272.138
M8,M67,269.938
M8,M68,280.938
M8,M69,291.938
M8,M70,236.938
M8,M71,216.145
M8,M72,227.145
M8,M73,238.145
M8,M74,249.145
M8,M75,260.145
M8,M76,289.738
M8,M77,287.538
M8,M78,298.538
M8,M79,309.538
M8,M80,254.538
M8,M81,233.745
M8,M82,244.745
M8,M83,255.745
M8,M84,266.745
M8,M85,277.745
M8,M86,307.338
M8,M87,305.138
M8,M88,316.138
M8,M89,327.138
M8,M90,272.138
M8,M91,251.345
M8,M92,262.345
M8,M93,273.345
M8,M94,284.345
M8,M95,295.345
M8,M96,324.938
M8,M97,335.938
M8,M98,346.938
M8,M99,357.938
M8,M100,368.938
M9,M1,291.283
M9,M2,302.283
M9,M3,313.283
M9,M4,324.283
M9,M5,335.283
M9,M6,179.53
M9,M7,118.784
M9,M8,129.784
M9,M10,31.0
M9,M11,64.992
M9,M12,75.992
M9,M13,86.992
M9,M14,97.992
M9,M15,108.992
M9,M16,138.584
M9,M17,136.384
M9,M18,147.384
M9,M19,158.384
M9,M20,103.384
M9,M21,82.592
M9,M22,93.592
M9,M23,104.592
M9,M24,115.592
M9,M25,126.592
M9,M26,156.184
M9,M27,153.984
M9,M28,164.984
M9,M29,175.984
M9,M30,120.984
M9,M31,100.192
M9,M32,111.192
M9,M33,122.192
M9,M34,133.192
M9,M35,144.192
M9,M36,173.784
M9,M37,171.584
M9,M38,182.584
M9,M39,193.584
M9,M40,138.584
M9,M41,117.792
M9,M42,128.792
M9,M43,139.792
M9,M44,150.792
M9,M45,161.792
M9,M46,191.384
M9,M47,202.384
M9,M48,213.384
M9,M49,224.384
M9,M50,235.384
M9,M51,169.945
M9,M52,180.945
M9,M53,191.945
M9,M54,202.945
M9,M55,213.945
M9,M56,243.538
M9,M57,241.338
M9,M58,252.338
M9,M59,263.338
M9,M60,208.338
M9,M61,187.545
M9,M62,198.545
M9,M63,209.545
M9,M64,220.545
M9,M65,231.545
M9,M66,261.138
M9,M67,258.938
M9,M68,269.938
M9,M69,280.938
M9,M70,225.938
M9,M71,205.145
M9,M72,216.145
M9,M73,227.145
M9,M74,238.145
M9,M75,249.145
M9,M76,278.738
M9,M77,276.538
M9,M78,287.538
M9,M79,298.538
M9,M80,243.538
M9,M81,222.745
M9,M82,233.745
M9,M83,244.745
M9,M84,255.745
M9,M85,266.745
M9,M86,296.338
M9,M87,294.138
M9,M88,305.138
M9,M89,316.138
M9,M90,261.138
M9,M91,240.345
M9,M92,251.345
M9,M93,262.345
M9,M94,273.345
M9,M95,284.345
M9,M96,313.938
M9,M97,324.938
M9,M98,335.938
M9,M99,346.938
M9,M100,357.938
M10,M1,280.283
M10,M2,291.283
M10,M3,302.283
M10,M4,313.283
M10,M5,324.283
M10,M6,168.53
M10,M7,107.784
M10,M8,118.784
M10,M9,129.784
M10,M11,53.992
M10,M12,64.992
M10,M13,75.992
M10,M14,86.992
M10,M15,97.992
M10,M16,127.584
M10,M17,125.384
M10,M18,136.384
M10,M19,147.384
M10,M20,92.384
M10,M21,71.592
M10,M22,82.592
M10,M23,93.592
M10,M24,104.592
M10,M25,115.592
M10,M26,145.184
M10,M27,142.984
M10,M28,153.984
M10,M29,164.984
M10,M30,109.984
M10,M31,89.192
M10,M32,100.192
M10,M33,111.192
M10,M34,122.192
M10,M35,133.192
M10,M36,162.784
M10,M37,160.584
M10,M38,171.584
M10,M39,182.584
M10,M40,127.584
M10,M41,106.792
M10,M42,117.792
M10,M43,128.792
M10,M44,139.792
M10,M45,150.792
M10,M46,180.384
M10,M47,191.384
M10,M48,202.384
M10,M49,213.384
M10,M50,224.384
M10,M51,158.945
M10,M52,169.945
M10,M53,180.945
M10,M54,191.945
M10,M55,202.945
M10,M56,232.538
M10,M57,230.338
M10,M58,241.338
M10,M59,252.338
M10,M60,197.338
M10,M61,176.545
M10,M62,187.545
M10,M63,198.545
M10,M64,209.545
M10,M65,220.545
M10,M66,250.138
M10,M67,247.938
M10,M68,258.938
M10,M69,269.938
M10,M70,214.938
M10,M71,194.145
M10,M72,205.145
M10,M73,216.145
M10,M74,227.145
M10,M75,238.145
M10,M76,267.738
M10,M77,265.538
M10,M78,276.538
M10,M79,287.538
M10,M80,232.538
M10,M81,211.745
M10,M82,222.745
M10,M83,233.745
M10,M84,244.745
M10,M85,255.745
M10,M86,285.338
M10,M87,283.138
M10,M88,294.138
M10,M89,305.138
M10,M90,250.138
M10,M91,229.345
M10,M92,240.345
M10,M93,251.345
M10,M94,262.345
M10,M95,273.345
M10,M96,302.938
M10,M97,313.938
M10,M98,324.938
M10,M99,335.938
M10,M100,346.938
M11,M1,246.291
M11,M2,257.291
M11,M3,268.291
M11,M4,279.291
M11,M5,290.291
M11,M6,134.538
M11,M7,73.792
M11,M8,84.792
M11,M9,95.792
M11,M10,40.792
M11,M12,31.0
M11,M13,42.0
M11,M14,53.0
M11,M15,64.0
M11,M16,93.592
M11,M17,104.592
M11,M18,115.592
M11,M19,126.592
M11,M20,113.177
M11,M21,92.384
M11,M22,103.384
M11,M23,114.384
M11,M24,125.384
M11,M25,114.384
M11,M26,143.977
M11,M27,154.977
M11,M28,165.977
M11,M29,176.977
M11,M30,130.777
M11,M31,109.984
M11,M32,120.984
M11,M33,131.984
M11,M34,142.984
M11,M35,153.984
M11,M36,183.577
M11,M37,181.377
M11,M38,192.377
M11,M39,203.377
M11,M40,148.377
M11,M41,127.584
M11,M42,138.584
M11,M43,149.584
M11,M44,160.584
M11,M45,171.584
M11,M46,201.177
M11,M47,212.177
M11,M48,223.177
M11,M49,234.177
M11,M50,245.177
M11,M51,179.738
M11,M52,190.738
M11,M53,201.738
M11,M54,212.738
M11,M55,223.738
M11,M56,253.33
M11,M57,251.13
M11,M58,262.13
M11,M59,273.13
M11,M60,218.13
M11,M61,197.338
M11,M62,208.338
M11,M63,219.338
M11,M64,230.338
M11,M65,241.338
M11,M66,270.93
M11,M67,268.73
M11,M68,279.73
M11,M69,290.73
M11,M70,235.73
M11,M71,214.938
M11,M72,225.938
M11,M73,236.938
M11,M74,247.938
M11,M75,258.938
M11,M76,288.53
M11,M77,286.33
M11,M78,297.33
M11,M79,308.33
M11,M80,253.33
M11,M81,232.538
M11,M82,243.538
M11,M83,254.538
M11,M84,265.538
M11,M85,276.538
M11,M86,306.13
M11,M87,303.93
M11,M88,314.93
M11,M89,325.93
M11,M90,270.93
M11,M91,250.138
M11,M92,261.138
M11,M93,272.138
M11,M94,283.138
M11,M95,294.138
M11,M96,323.73
M11,M97,334.73
M11,M98,345.73
M11,M99,356.73
M11,M100,367.73
M12,M1,235.291
M12,M2,246.291
M12,M3,257.291
M12,M4,268.291
M12,M5,279.291
M12,M6,123.538
M12,M7,62.792
M12,M8,73.792
M12,M9,84.792
M12,M10,95.792
M12,M11,129.784
M12,M13,31.0
M12,M14,42.0
M12,M15,53.0
M12,M16,82.592
M12,M17,93.592
M12,M18,104.592
M12,M19,115.592
M12,M20,126.592
M12,M21,147.384
M12,M22,158.384
M12,M23,142.984
M12,M24,153.984
M12,M25,103.384
M12,M26,132.977
M12,M27,143.977
M12,M28,154.977
M12,M29,165.977
M12,M30,176.977
M12,M31,164.984
M12,M32,175.984
M12,M33,186.984
M12,M34,197.984
M12,M35,153.769
M12,M36,183.361
M12,M37,194.361
M12,M38,205.361
M12,M39,216.361
M12,M40,203.377
M12,M41,182.584
M12,M42,193.584
M12,M43,204.584
M12,M44,215.584
M12,M45,204.153
M12,M46,233.746
M12,M47,244.746
M12,M48,255.746
M12,M49,266.746
M12,M50,277.746
M12,M51,234.738
M12,M52,245.738
M12,M53,256.738
M12,M54,267.738
M12,M55,278.738
M12,M56,308.33
M12,M57,306.13
M12,M58,317.13
M12,M59,328.13
M12,M60,273.13
M12,M61,252.338
M12,M62,263.338
M12,M63,274.338
M12,M64,285.338
M12,M65,296.338
M12,M66,325.93
M12,M67,323.73
M12,M68,334.73
M12,M69,345.73
M12,M70,290.73
M12,M71,269.938
M12,M72,280.938
M12,M73,291.938
M12,M74,302.938
M12,M75,313.938
M12,M76,343.53
M12,M77,341.33
M12,M78,352.33
M12,M79,363.33
M12,M80,308.33
M12,M81,287.538
M12,M82,298.538
M12,M83,309.538
M12,M84,320.538
M12,M85,331.538
M12,M86,361.13
M12,M87,358.93
M12,M88,369.93
M12,M89,380.93
M12,M90,325.93
M12,M91,305.138
M12,M92,316.138
M12,M93,327.138
M12,M94,338.138
M12,M95,349.138
M12,M96,320.33
M12,M97,331.33
M12,M98,342.33
M12,M99,353.33
M12,M100,364.33
M13,M1,224.291
M13,M2,235.291
M13,M3,246.291
M13,M4,257.291
M13,M5,268.291
M13,M6,112.538
M13,M7,51.792
M13,M8,62.792
M13,M9,73.792
M13,M10,84.792
M13,M11,118.784
M13,M12,129.784
M13,M14,31.0
M13,M15,42.0
M13,M16,71.592
M13,M17,82.592
M13,M18,93.592
M13,M19,104.592
M13,M20,115.592
M13,M21,136.384
M13,M22,147.384
M13,M23,131.984
M13,M24,142.984
M13,M25,92.384
M13,M26,121.977
M13,M27,132.977
M13,M28,143.977
M13,M29,154.977
M13,M30,165.977
M13,M31,153.984
M13,M32,164.984
M13,M33,175.984
M13,M34,186.984
M13,M35,142.769
M13,M36,172.361
M13,M37,183.361
M13,M38,194.361
M13,M39,205.361
M13,M40,192.377
M13,M41,171.584
M13,M42,182.584
M13,M43,193.584
M13,M44,204.584
M13,M45,193.153
M13,M46,222.746
M13,M47,233.746
M13,M48,244.746
M13,M49,255.746
M13,M50,266.746
M13,M51,223.738
M13,M52,234.738
M13,M53,245.738
M13,M54,256.738
M13,M55,267.738
M13,M56,297.33
M13,M57,295.13
M13,M58,306.13
M13,M59,317.13
M13,M60,262.13
M13,M61,241.338
M13,M62,252.338
M13,M63,263.338
M13,M64,274.338
M13,M65,285.338
M13,M66,314.93
M13,M67,312.73
M13,M68,323.73
M13,M69,334.73
M13,M70,279.73
M13,M71,258.938
M13,M72,269.938
M13,M73,280.938
M13,M74,291.938
M13,M75,302.938
M13,M76,332.53
M13,M77,330.33
M13,M78,341.33
M13,M79,352.33
M13,M80,297.33
M13,M81,276.538
M13,M82,287.538
M13,M83,298.538
M13,M84,309.538
M13,M85,320.538
M13,M86,350.13
M13,M87,347.93
M13,M88,358.93
M13,M89,369.93
M13,M90,314.93
M13,M91,294.138
M13,M92,305.138
M13,M93,316.138
M13,M94,327.138
M13,M95,338.138
M13,M96,309.33
M13,M97,320.33
M13,M98,331.33
M13,M99,342.33
M13,M100,353.33
M14,M1,213.291
M14,M2,224.291
M14,M3,235.291
M14,M4,246.291
M14,M5,257.291
M14,M6,101.538
M14,M7,40.792
M14,M8,51.792
M14,M9,62.792
M14,M10,73.792
M14,M11,107.784
M14,M12,118.784
M14,M13,90.184
M14,M15,31.0
M14,M16,60.592
M14,M17,71.592
M14,M18,82.592
M14,M19,93.592
M14,M20,104.592
M14,M21,125.384
M14,M22,136.384
M14,M23,120.984
M14,M24,131.984
M14,M25,81.384
M14,M26,110.977
M14,M27,121.977
M14,M28,132.977
M14,M29,143.977
M14,M30,154.977
M14,M31,142.984
M14,M32,153.984
M14,M33,164.984
M14,M34,175.984
M14,M35,131.769
M14,M36,161.361
M14,M37,172.361
M14,M38,183.361
M14,M39,194.361
M14,M40,181.377
M14,M41,160.584
M14,M42,171.584
M14,M43,182.584
M14,M44,193.584
M14,M45,182.153
M14,M46,211.746
M14,M47,222.746
M14,M48,233.746
M14,M49,244.746
M14,M50,255.746
M14,M51,212.738
M14,M52,223.738
M14,M53,234.738
M14,M54,245.738
M14,M55,256.738
M14,M56,286.33
M14,M57,284.13
M14,M58,295.13
M14,M59,306.13
M14,M60,251.13
M14,M61,230.338
M14,M62,241.338
M14,M63,252.338
M14,M64,263.338
M14,M65,274.338
M14,M66,303.93
M14,M67,301.73
M14,M68,312.73
M14,M69,323.73
M14,M70,268.73
M14,M71,247.938
M14,M72,258.938
M14,M73,269.938
M14,M74,280.938
M14,M75,291.938
M14,M76,321.53
M14,M77,319.33
M14,M78,330.33
M14,M79,341.33
M14,M80,286.33
M14,M81,265.538
M14,M82,276.538
M14,M83,287.538
M14,M84,298.538
M14,M85,309.538
M14,M86,339.13
M14,M87,336.93
M14,M88,347.93
M14,M89,358.93
M14,M90,303.93
M14,M91,283.138
M14,M92,294.138
M14,M93,305.138
M14,M94,316.138
M14,M95,327.138
M14,M96,298.33
M14,M97,309.33
M14,M98,320.33
M14,M99,331.33
M14,M100,342.33
M15,M1,202.291
M15,M2,213.291
M15,M3,224.291
M15,M4,235.291
M15,M5,246.291
M15,M6,90.538
M15,M7,101.538
M15,M8,112.538
M15,M9,123.538
M15,M10,134.538
M15,M11,168.53
M15,M12,179.53
M15,M13,150.93
M15,M14,161.93
M15,M16,49.592
M15,M17,60.592
M15,M18,71.592
M15,M19,82.592
M15,M20,93.592
M15,M21,127.584
M15,M22,138.584
M15,M23,109.984
M15,M24,120.984
M15,M25,70.384
M15,M26,99.977
M15,M27,110.977
M15,M28,121.977
M15,M29,132.977
M15,M30,143.977
M15,M31,145.184
M15,M32,156.184
M15,M33,160.369
M15,M34,171.369
M15,M35,120.769
M15,M36,150.361
M15,M37,161.361
M15,M38,172.361
M15,M39,183.361
M15,M40,183.577
M15,M41,162.784
M15,M42,173.784
M15,M43,184.784
M15,M44,195.784
M15,M45,171.153
M15,M46,200.746
M15,M47,211.746
M15,M48,222.746
M15,M49,233.746
M15,M50,244.746
M15,M51,214.938
M15,M52,225.938
M15,M53,236.938
M15,M54,247.938
M15,M55,258.938
M15,M56,288.53
M15,M57,286.33
M15,M58,297.33
M15,M59,308.33
M15,M60,253.33
M15,M61,232.538
M15,M62,243.538
M15,M63,254.538
M15,M64,265.538
M15,M65,276.538
M15,M66,306.13
M15,M67,303.93
M15,M68,314.93
M15,M69,325.93
M15,M70,270.93
M15,M71,250.138
M15,M72,261.138
M15,M73,272.138
M15,M74,283.138
M15,M75,294.138
M15,M76,322.53
M15,M77,321.53
M15,M78,332.53
M15,M79,343.53
M15,M80,288.53
M15,M81,267.738
M15,M82,278.738
M15,M83,289.738
M15,M84,300.738
M15,M85,311.738
M15,M86,341.33
M15,M87,339.13
M15,M88,350.13
M15,M89,361.13
M15,M90,306.13
M15,M91,285.338
M15,M92,296.338
M15,M93,307.338
M15,M94,318.338
M15,M95,329.338
M15,M96,287.33
M15,M97,298.33
M15,M98,309.33
M15,M99,320.33
M15,M100,331.33
M16,M1,307.899
M16,M2,318.899
M16,M3,329.899
M16,M4,340.899
M16,M5,351.899
M16,M6,196.914
M16,M7,207.914
M16,M8,218.914
M16,M9,229.914
M16,M10,240.914
M16,M11,274.907
M16,M12,285.907
M16,M13,257.307
M16,M14,268.307
M16,M15,279.307
M16,M17,31.0
M16,M18,42.0
M16,M19,53.0
M16,M20,64.0
M16,M21,97.992
M16,M22,108.992
M16,M23,80.392
M16,M24,91.392
M16,M25,40.792
M16,M26,70.384
M16,M27,81.384
M16,M28,92.384
M16,M29,103.384
M16,M30,114.384
M16,M31,115.592
M16,M32,126.592
M16,M33,130.777
M16,M34,141.777
M16,M35,91.177
M16,M36,120.769
M16,M37,131.769
M16,M38,142.769
M16,M39,153.769
M16,M40,153.984
M16,M41,133.192
M16,M42,144.192
M16,M43,155.192
M16,M44,166.192
M16,M45,141.561
M16,M46,171.153
M16,M47,182.153
M16,M48,193.153
M16,M49,204.153
M16,M50,215.153
M16,M51,185.345
M16,M52,196.345
M16,M53,207.345
M16,M54,218.345
M16,M55,229.345
M16,M56,258.938
M16,M57,256.738
M16,M58,267.738
M16,M59,278.738
M16,M60,223.738
M16,M61,202.945
M16,M62,213.945
M16,M63,224.945
M16,M64,235.945
M16,M65,246.945
M16,M66,276.538
M16,M67,274.338
M16,M68,285.338
M16,M69,296.338
M16,M70,241.338
M16,M71,220.545
M16,M72,231.545
M16,M73,242.545
M16,M74,253.545
M16,M75,264.545
M16,M76,294.138
M16,M77,291.938
M16,M78,302.938
M16,M79,313.938
M16,M80,258.938
M16,M81,238.145
M16,M82,249.145
M16,M83,260.145
M16,M84,271.145
M16,M85,282.145
M16,M86,311.738
M16,M87,309.538
M16,M88,320.538
M16,M89,331.538
M16,M90,276.538
M16,M91,255.745
M16,M92,266.745
M16,M93,277.745
M16,M94,288.745
M16,M95,299.745
M16,M96,329.338
M16,M97,340.338
M16,M98,351.338
M16,M99,362.338
M16,M100,373.338
M17,M1,296.899
M17,M2,307.899
M17,M3,318.899
M17,M4,329.899
M17,M5,340.899
M17,M6,247.514
M17,M7,258.514
M17,M8,269.514
M17,M9,280.514
M17,M10,291.514
M17,M11,299.205
M17,M12,310.205
M17,M13,307.907
M17,M14,318.907
M17,M15,329.907
M17,M16,293.499
M17,M18,31.0
M17,M19,42.0
M17,M20,53.0
M17,M21,86.992
M17,M22,97.992
M17,M23,69.392
M17,M24,80.392
M17,M25,91.392
M17,M26,120.984
M17,M27,131.984
M17,M28,142.984
M17,M29,153.984
M17,M30,125.384
M17,M31,104.592
M17,M32,115.592
M17,M33,126.592
M17,M34,137.592
M17,M35,141.777
M17,M36,171.369
M17,M37,175.984
M17,M38,186.984
M17,M39,197.984
M17,M40,142.984
M17,M41,122.192
M17,M42,133.192
M17,M43,144.192
M17,M44,155.192
M17,M45,166.192
M17,M46,195.784
M17,M47,206.784
M17,M48,217.784
M17,M49,228.784
M17,M50,239.784
M17,M51,174.345
M17,M52,185.345
M17,M53,196.345
M17,M54,207.345
M17,M55,218.345
M17,M56,247.938
M17,M57,245.738
M17,M58,256.738
M17,M59,267.738
M17,M60,212.738
M17,M61,191.945
M17,M62,202.945
M17,M63,213.945
M17,M64,224.945
M17,M65,235.945
M17,M66,265.538
M17,M67,263.338
M17,M68,274.338
M17,M69,285.338
M17,M70,230.338
M17,M71,209.545
M17,M72,220.545
M17,M73,231.545
M17,M74,242.545
M17,M75,253.545
M17,M76,283.138
M17,M77,280.938
M17,M78,291.938
M17,M79,302.938
M17,M80,247.938
M17,M81,227.145
M17,M82,238.145
M17,M83,249.145
M17,M84,260.145
M17,M85,271.145
M17,M86,300.738
M17,M87,298.538
M17,M88,309.538
M17,M89,320.538
M17,M90,265.538
M17,M91,244.745
M17,M92,255.745
M17,M93,266.745
M17,M94,277.745
M17,M95,288.745
M17,M96,318.338
M17,M97,329.338
M17,M98,340.338
M17,M99,351.338
M17,M100,362.338
M18,M1,285.899
M18,M2,296.899
M18,M3,307.899
M18,M4,318.899
M18,M5,329.899
M18,M6,236.514
M18,M7,247.514
M18,M8,258.514
M18,M9,269.514
M18,M10,280.514
M18,M11,288.205
M18,M12,299.205
M18,M13,296.907
M18,M14,307.907
M18,M15,318.907
M18,M16,282.499
M18,M17,90.184
M18,M19,31.0
M18,M20,42.0
M18,M21,75.992
M18,M22,86.992
M18,M23,58.392
M18,M24,69.392
M18,M25,80.392
M18,M26,109.984
M18,M27,120.984
M18,M28,131.984
M18,M29,142.984
M18,M30,114.384
M18,M31,93.592
M18,M32,104.592
M18,M33,115.592
M18,M34,126.592
M18,M35,130.777
M18,M36,160.369
M18,M37,164.984
M18,M38,175.984
M18,M39,186.984
M18,M40,131.984
M18,M41,111.192
M18,M42,122.192
M18,M43,133.192
M18,M44,144.192
M18,M45,155.192
M18,M46,184.784
M18,M47,195.784
M18,M48,206.784
M18,M49,217.784
M18,M50,228.784
M18,M51,163.345
M18,M52,174.345
M18,M53,185.345
M18,M54,196.345
M18,M55,207.345
M18,M56,236.938
M18,M57,234.738
M18,M58,245.738
M18,M59,256.738
M18,M60,201.738
M18,M61,180.945
M18,M62,191.945
M18,M63,202.945
M18,M64,213.945
M18,M65,224.945
M18,M66,254.538
M18,M67,252.338
M18,M68,263.338
M18,M69,274.338
M18,M70,219.338
M18,M71,198.545
M18,M72,209.545
M18,M73,220.545
M18,M74,231.545
M18,M75,242.545
M18,M76,272.138
M18,M77,269.938
M18,M78,280.938
M18,M79,291.938
M18,M80,236.938
M18,M81,216.145
M18,M82,227.145
M18,M83,238.145
M18,M84,249.145
M18,M85,260.145
M18,M86,289.738
M18,M87,287.538
M18,M88,298.538
M18,M89,309.538
M18,M90,254.538
M18,M91,233.745
M18,M92,244.745
M18,M93,255.745
M18,M94,266.745
M18,M95,277.745
M18,M96,307.338
M18,M97,318.338
M18,M98,329.338
M18,M99,340.338
M18,M100,351.338
M19,M1,274.899
M19,M2,285.899
M19,M3,296.899
M19,M4,307.899
M19,M5,318.899
M19,M6,232.33
M19,M7,243.33
M19,M8,254.33
M19,M9,265.33
M19,M10,276.33
M19,M11,277.205
M19,M12,288.205
M19,M13,292.722
M19,M14,303.722
M19,M15,314.722
M19,M16,278.314
M19,M17,118.784
M19,M18,129.784
M19,M20,31.0
M19,M21,64.992
M19,M22,75.992
M19,M23,86.992
M19,M24,97.992
M19,M25,108.992
M19,M26,138.584
M19,M27,136.384
M19,M28,147.384
M19,M29,158.384
M19,M30,103.384
M19,M31,82.592
M19,M32,93.592
M19,M33,104.592
M19,M34,115.592
M19,M35,126.592
M19,M36,156.184
M19,M37,153.984
M19,M38,164.984
M19,M39,175.984
M19,M40,120.984
M19,M41,100.192
M19,M42,111.192
M19,M43,122.192
M19,M44,133.192
M19,M45,144.192
M19,M46,173.784
M19,M47,184.784
M19,M48,195.784
M19,M49,206.784
M19,M50,217.784
M19,M51,152.345
M19,M52,163.345
M19,M53,174.345
M19,M54,185.345
M19,M55,196.345
M19,M56,225.938
M19,M57,223.738
M19,M58,234.738
M19,M59,245.738
M19,M60,190.738
M19,M61,169.945
M19,M62,180.945
M19,M63,191.945
M19,M64,202.945
M19,M65,213.945
M19,M66,243.538
M19,M67,241.338
M19,M68,252.338
M19,M69,263.338
M19,M70,208.338
M19,M71,187.545
M19,M72,198.545
M19,M73,209.545
M19,M74,220.545
M19,M75,231.545
M19,M76,261.138
M19,M77,258.938
M19,M78,269.938
M19,M79,280.938
M19,M80,225.938
M19,M81,205.145
M19,M82,216.145
M19,M83,227.145
M19,M84,238.145
M19,M85,249.145
M19,M86,278.738
M19,M87,276.538
M19,M88,287.538
M19,M89,298.538
M19,M90,243.538
M19,M91,222.745
M19,M92,233.745
M19,M93,244.745
M19,M94,255.745
M19,M95,266.745
M19,M96,296.338
M19,M97,307.338
M19,M98,318.338
M19,M99,329.338
M19,M100,340.338
M20,M1,263.899
M20,M2,274.899
M20,M3,285.899
M20,M4,296.899
M20,M5,307.899
M20,M6,221.33
M20,M7,232.33
M20,M8,243.33
M20,M9,254.33
M20,M10,265.33
M20,M11,266.205
M20,M12,277.205
M20,M13,281.722
M20,M14,292.722
M20,M15,303.722
M20,M16,267.314
M20,M17,107.784
M20,M18,118.784
M20,M19,129.784
M20,M21,53.992
M20,M22,64.992
M20,M23,75.992
M20,M24,86.992
M20,M25,97.992
M20,M26,127.584
M20,M27,125.384
M20,M28,136.384
M20,M29,147.384
M20,M30,92.384
M20,M31,71.592
M20,M32,82.592
M20,M33,93.592
M20,M34,104.592
M20,M35,115.592
M20,M36,145.184
M20,M37,142.984
M20,M38,153.984
M20,M39,164.984
M20,M40,109.984
M20,M41,89.192
M20,M42,100.192
M20,M43,111.192
M20,M44,122.192
M20,M45,133.192
M20,M46,162.784
M20,M47,173.784
M20,M48,184.784
M20,M49,195.784
M20,M50,206.784
M20,M51,141.345
M20,M52,152.345
M20,M53,163.345
M20,M54,174.345
M20,M55,185.345
M20,M56,214.938
M20,M57,212.738
M20,M58,223.738
M20,M59,234.738
M20,M60,179.738
M20,M61,158.945
M20,M62,169.945
M20,M63,180.945
M20,M64,191.945
M20,M65,202.945
M20,M66,232.538
M20,M67,230.338
M20,M68,241.338
M20,M69,252.338
M20,M70,197.338
M20,M71,176.545
M20,M72,187.545
M20,M73,198.545
M20,M74,209.545
M20,M75,220.545
M20,M76,250.138
M20,M77,247.938
M20,M78,258.938
M20,M79,269.938
M20,M80,214.938
M20,M81,194.145
M20,M82,205.145
M20,M83,216.145
M20,M84,227.145
M20,M85,238.145
M20,M86,267.738
M20,M87,265.538
M20,M88,276.538
M20,M89,287.538
M20,M90,232.538
M20,M91,211.745
M20,M92,222.745
M20,M93,233.745
M20,M94,244.745
M20,M95,255.745
M20,M96,285.338
M20,M97,296.338
M20,M98,307.338
M20,M99,318.338
M20,M100,329.338
M21,M1,284.691
M21,M2,295.691
M21,M3,306.691
M21,M4,317.691
M21,M5,328.691
M21,M6,220.122
M21,M7,231.122
M21,M8,242.122
M21,M9,253.122
M21,M10,264.122
M21,M11,286.997
M21,M12,297.997
M21,M13,280.514
M21,M14,291.514
M21,M15,302.514
M21,M16,266.107
M21,M17,73.792
M21,M18,84.792
M21,M19,95.792
M21,M20,40.792
M21,M22,31.0
M21,M23,42.0
M21,M24,53.0
M21,M25,64.0
M21,M26,93.592
M21,M27,104.592
M21,M28,115.592
M21,M29,126.592
M21,M30,113.177
M21,M31,92.384
M21,M32,103.384
M21,M33,114.384
M21,M34,125.384
M21,M35,114.384
M21,M36,143.977
M21,M37,154.977
M21,M38,165.977
M21,M39,176.977
M21,M40,130.777
M21,M41,109.984
M21,M42,120.984
M21,M43,131.984
M21,M44,142.984
M21,M45,153.984
M21,M46,183.577
M21,M47,194.577
M21,M48,205.577
M21,M49,216.577
M21,M50,227.577
M21,M51,162.138
M21,M52,173.138
M21,M53,184.138
M21,M54,195.138
M21,M55,206.138
M21,M56,235.73
M21,M57,233.53
M21,M58,244.53
M21,M59,255.53
M21,M60,200.53
M21,M61,179.738
M21,M62,190.738
M21,M63,201.738
M21,M64,212.738
M21,M65,223.738
M21,M66,253.33
M21,M67,251.13
M21,M68,262.13
M21,M69,273.13
M21,M70,218.13
M21,M71,197.338
M21,M72,208.338
M21,M73,219.338
M21,M74,230.338
M21,M75,241.338
M21,M76,270.93
M21,M77,268.73
M21,M78,279.73
M21,M79,290.73
M21,M80,235.73
M21,M81,214.938
M21,M82,225.938
M21,M83,236.938
M21,M84,247.938
M21,M85,258.938
M21,M86,288.53
M21,M87,286.33
M21,M88,297.33
M21,M89,308.33
M21,M90,253.33
M21,M91,232.538
M21,M92,243.538
M21,M93,254.538
M21,M94,265.538
M21,M95,276.538
M21,M96,306.13
M21,M97,317.13
M21,M98,328.13
M21,M99,339.13
M21,M100,350.13
M22,M1,320.875
M22,M2,331.875
M22,M3,342.875
M22,M4,353.875
M22,M5,364.875
M22,M6,209.122
M22,M7,220.122
M22,M8,231.122
M22,M9,242.122
M22,M10,253.122
M22,M11,287.114
M22,M12,298.114
M22,M13,269.514
M22,M14,280.514
M22,M15,291.514
M22,M16,255.107
M22,M17,62.792
M22,M18,73.792
M22,M19,84.792
M22,M20,95.792
M22,M21,129.784
M22,M23,31.0
M22,M24,42.0
M22,M25,53.0
M22,M26,82.592
M22,M27,93.592
M22,M28,104.592
M22,M29,115.592
M22,M30,126.592
M22,M31,147.384
M22,M32,158.384
M22,M33,142.984
M22,M34,153.984
M22,M35,103.384
M22,M36,132.977
M22,M37,143.977
M22,M38,154.977
M22,M39,165.977
M22,M40,176.977
M22,M41,164.984
M22,M42,175.984
M22,M43,186.984
M22,M44,197.984
M22,M45,153.769
M22,M46,183.361
M22,M47,194.361
M22,M48,205.361
M22,M49,216.361
M22,M50,227.361
M22,M51,217.138
M22,M52,228.138
M22,M53,239.138
M22,M54,250.138
M22,M55,261.138
M22,M56,290.73
M22,M57,288.53
M22,M58,299.53
M22,M59,310.53
M22,M60,255.53
M22,M61,234.738
M22,M62,245.738
M22,M63,256.738
M22,M64,267.738
M22,M65,278.738
M22,M66,308.33
M22,M67,306.13
M22,M68,317.13
M22,M69,328.13
M22,M70,273.13
M22,M71,252.338
M22,M72,263.338
M22,M73,274.338
M22,M74,285.338
M22,M75,296.338
M22,M76,325.93
M22,M77,323.73
M22,M78,334.73
M22,M79,345.73
M22,M80,290.73
M22,M81,269.938
M22,M82,280.938
M22,M83,291.938
M22,M84,302.938
M22,M85,313.938
M22,M86,343.53
M22,M87,341.33
M22,M88,352.33
M22,M89,363.33
M22,M90,308.33
M22,M91,287.538
M22,M92,298.538
M22,M93,309.538
M22,M94,320.538
M22,M95,331.538
M22,M96,361.13
M22,M97,372.13
M22,M98,383.13
M22,M99,394.13
M22,M100,405.13
M23,M1,309.875
M23,M2,320.875
M23,M3,331.875
M23,M4,342.875
M23,M5,353.875
M23,M6,198.122
M23,M7,209.122
M23,M8,220.122
M23,M9,231.122
M23,M10,242.122
M23,M11,276.114
M23,M12,287.114
M23,M13,258.514
M23,M14,269.514
M23,M15,280.514
M23,M16,244.107
M23,M17,51.792
M23,M18,62.792
M23,M19,73.792
M23,M20,84.792
M23,M21,118.784
M23,M22,129.784
M23,M24,31.0
M23,M25,42.0
M23,M26,71.592
M23,M27,82.592
M23,M28,93.592
M23,M29,104.592
M23,M30,115.592
M23,M31,136.384
M23,M32,147.384
M23,M33,131.984
M23,M34,142.984
M23,M35,92.384
M23,M36,121.977
M23,M37,132.977
M23,M38,143.977
M23,M39,154.977
M23,M40,165.977
M23,M41,153.984
M23,M42,164.984
M23,M43,175.984
M23,M44,186.984
M23,M45,142.769
M23,M46,172.361
M23,M47,183.361
M23,M48,194.361
M23,M49,205.361
M23,M50,216.361
M23,M51,206.138
M23,M52,217.138
M23,M53,228.138
M23,M54,239.138
M23,M55,250.138
M23,M56,279.73
M23,M57,277.53
M23,M58,288.53
M23,M59,299.53
M23,M60,244.53
M23,M61,223.738
M23,M62,234.738
M23,M63,245.738
M23,M64,256.738
M23,M65,267.738
M23,M66,297.33
M23,M67,295.13
M23,M68,306.13
M23,M69,317.13
M23,M70,262.13
M23,M71,241.338
M23,M72,252.338
M23,M73,263.338
M23,M74,274.338
M23,M75,285.338
M23,M76,314.93
M23,M77,312.73
M23,M78,323.73
M23,M79,334.73
M23,M80,279.73
M23,M81,258.938
M23,M82,269.938
M23,M83,280.938
M23,M84,291.938
M23,M85,302.938
M23,M86,332.53
M23,M87,330.33
M23,M88,341.33
M23,M89,352.33
M23,M90,297.33
M23,M91,276.538
M23,M92,287.538
M23,M93,298.538
M23,M94,309.538
M23,M95,320.538
M23,M96,350.13
M23,M97,361.13
M23,M98,372.13
M23,M99,383.13
M23,M100,394.13
M24,M1,298.875
M24,M2,309.875
M24,M3,320.875
M24,M4,331.875
M24,M5,342.875
M24,M6,187.122
M24,M7,198.122
M24,M8,209.122
M24,M9,220.122
M24,M10,231.122
M24,M11,265.114
M24,M12,276.114
M24,M13,247.514
M24,M14,258.514
M24,M15,269.514
M24,M16,233.107
M24,M17,40.792
M24,M18,51.792
M24,M19,62.792
M24,M20,73.792
M24,M21,107.784
M24,M22,118.784
M24,M23,90.184
M24,M25,31.0
M24,M26,60.592
M24,M27,71.592
M24,M28,82.592
M24,M29,93.592
M24,M30,104.592
M24,M31,125.384
M24,M32,136.384
M24,M33,120.984
M24,M34,131.984
M24,M35,81.384
M24,M36,110.977
M24,M37,121.977
M24,M38,132.977
M24,M39,143.977
M24,M40,154.977
M24,M41,142.984
M24,M42,153.984
M24,M43,164.984
M24,M44,175.984
M24,M45,131.769
M24,M46,161.361
M24,M47,172.361
M24,M48,183.361
M24,M49,194.361
M24,M50,205.361
M24,M51,195.138
M24,M52,206.138
M24,M53,217.138
M24,M54,228.138
M24,M55,239.138
M24,M56,268.73
M24,M57,266.53
M24,M58,277.53
M24,M59,288.53
M24,M60,233.53
M24,M61,212.738
M24,M62,223.738
M24,M63,234.738
M24,M64,245.738
M24,M65,256.738
M24,M66,286.33
M24,M67,284.13
M24,M68,295.13
M24,M69,306.13
M24,M70,251.13
M24,M71,230.338
M24,M72,241.338
M24,M73,252.338
M24,M74,263.338
M24,M75,274.338
M24,M76,303.93
M24,M77,301.73
M24,M78,312.73
M24,M79,323.73
M24,M80,268.73
M24,M81,247.938
M24,M82,258.938
M24,M83,269.938
M24,M84,280.938
M24,M85,291.938
M24,M86,321.53
M24,M87,319.33
M24,M88,330.33
M24,M89,341.33
M24,M90,286.33
M24,M91,265.538
M24,M92,276.538
M24,M93,287.538
M24,M94,298.538
M24,M95,309.538
M24,M96,339.13
M24,M97,350.13
M24,M98,361.13
M24,M99,372.13
M24,M100,383.13
M25,M1,287.875
M25,M2,298.875
M25,M3,309.875
M25,M4,320.875
M25,M5,331.875
M25,M6,176.122
M25,M7,187.122
M25,M8,198.122
M25,M9,209.122
M25,M10,220.122
M25,M11,254.114
M25,M12,265.114
M25,M13,236.514
M25,M14,247.514
M25,M15,258.514
M25,M16,222.107
M25,M17,233.107
M25,M18,244.107
M25,M19,255.107
M25,M20,266.107
M25,M21,271.714
M25,M22,282.714
M25,M23,282.499
M25,M24,293.499
M25,M26,49.592
M25,M27,60.592
M25,M28,71.592
M25,M29,82.592
M25,M30,93.592
M25,M31,127.584
M25,M32,138.584
M25,M33,109.984
M25,M34,120.984
M25,M35,70.384
M25,M36,99.977
M25,M37,110.977
M25,M38,121.977
M25,M39,132.977
M25,M40,143.977
M25,M41,145.184
M25,M42,156.184
M25,M43,160.369
M25,M44,171.369
M25,M45,120.769
M25,M46,150.361
M25,M47,161.361
M25,M48,172.361
M25,M49,183.361
M25,M50,194.361
M25,M51,197.338
M25,M52,208.338
M25,M53,219.338
M25,M54,230.338
M25,M55,241.338
M25,M56,270.93
M25,M57,268.73
M25,M58,279.73
M25,M59,290.73
M25,M60,235.73
M25,M61,214.938
M25,M62,225.938
M25,M63,236.938
M25,M64,247.938
M25,M65,258.938
M25,M66,288.53
M25,M67,286.33
M25,M68,297.33
M25,M69,308.33
M25,M70,253.33
M25,M71,232.538
M25,M72,243.538
M25,M73,254.538
M25,M74,265.538
M25,M75,276.538
M25,M76,306.13
M25,M77,303.93
M25,M78,314.93
M25,M79,325.93
M25,M80,270.93
M25,M81,250.138
M25,M82,261.138
M25,M83,272.138
M25,M84,283.138
M25,M85,294.138
M25,M86,323.73
M25,M87,321.53
M25,M88,332.53
M25,M89,343.53
M25,M90,288.53
M25,M91,267.738
M25,M92,278.738
M25,M93,289.738
M25,M94,300.738
M25,M95,311.738
M25,M96,341.33
M25,M97,352.33
M25,M98,363.33
M25,M99,374.33
M25,M100,385.33
M26,M1,258.283
M26,M2,269.283
M26,M3,280.283
M26,M4,291.283
M26,M5,302.283
M26,M6,146.53
M26,M7,157.53
M26,M8,168.53
M26,M9,179.53
M26,M10,190.53
M26,M11,224.522
M26,M12,235.522
M26,M13,206.922
M26,M14,217.922
M26,M15,228.922
M26,M16,192.514
M26,M17,203.514
M26,M18,214.514
M26,M19,225.514
M26,M20,236.514
M26,M21,242.122
M26,M22,253.122
M26,M23,252.907
M26,M24,263.907
M26,M25,213.307
M26,M27,31.0
M26,M28,42.0
M26,M29,53.0
M26,M30,64.0
M26,M31,97.992
M26,M32,108.992
M26,M33,80.392
M26,M34,91.392
M26,M35,40.792
M26,M36,70.384
M26,M37,81.384
M26,M38,92.384
M26,M39,103.384
M26,M40,114.384
M26,M41,115.592
M26,M42,126.592
M26,M43,130.777
M26,M44,141.777
M26,M45,91.177
M26,M46,120.769
M26,M47,131.769
M26,M48,142.769
M26,M49,153.769
M26,M50,164.769
M26,M51,167.745
M26,M52,178.745
M26,M53,189.745
M26,M54,200.745
M26,M55,211.745
M26,M56,241.338
M26,M57,239.138
M26,M58,250.138
M26,M59,261.138
M26,M60,206.138
M26,M61,185.345
M26,M62,196.345
M26,M63,207.345
M26,M64,218.345
M26,M65,229.345
M26,M66,258.938
M26,M67,256.738
M26,M68,267.738
M26,M69,278.738
M26,M70,223.738
M26,M71,202.945
M26,M72,213.945
M26,M73,224.945
M26,M74,235.945
M26,M75,246.945
M26,M76,276.538
M26,M77,274.338
M26,M78,285.338
M26,M79,296.338
M26,M80,241.338
M26,M81,220.545
M26,M82,231.545
M26,M83,242.545
M26,M84,253.545
M26,M85,264.545
M26,M86,294.138
M26,M87,291.938
M26,M88,302.938
M26,M89,313.938
M26,M90,258.938
M26,M91,238.145
M26,M92,249.145
M26,M93,260.145
M26,M94,271.145
M26,M95,282.145
M26,M96,311.738
M26,M97,322.738
M26,M98,333.738
M26,M99,344.738
M26,M100,355.738
M27,M1,279.299
M27,M2,290.299
M27,M3,301.299
M27,M4,312.299
M27,M5,323.299
M27,M6,197.13
M27,M7,208.13
M27,M8,219.13
M27,M9,230.13
M27,M10,241.13
M27,M11,275.122
M27,M12,286.122
M27,M13,257.522
M27,M14,268.522
M27,M15,279.522
M27,M16,243.114
M27,M17,254.114
M27,M18,265.114
M27,M19,276.114
M27,M20,287.114
M27,M21,292.722
M27,M22,303.722
M27,M23,303.507
M27,M24,314.507
M27,M25,263.907
M27,M26,161.93
M27,M28,31.0
M27,M29,42.0
M27,M30,53.0
M27,M31,86.992
M27,M32,97.992
M27,M33,69.392
M27,M34,80.392
M27,M35,91.392
M27,M36,120.984
M27,M37,131.984
M27,M38,142.984
M27,M39,153.984
M27,M40,125.384
M27,M41,104.592
M27,M42,115.592
M27,M43,126.592
M27,M44,137.592
M27,M45,141.777
M27,M46,171.369
M27,M47,182.369
M27,M48,193.369
M27,M49,204.369
M27,M50,215.369
M27,M51,156.745
M27,M52,167.745
M27,M53,178.745
M27,M54,189.745
M27,M55,200.745
M27,M56,230.338
M27,M57,228.138
M27,M58,239.138
M27,M59,250.138
M27,M60,195.138
M27,M61,174.345
M27,M62,185.345
M27,M63,196.345
M27,M64,207.345
M27,M65,218.345
M27,M66,247.938
M27,M67,245.738
M27,M68,256.738
M27,M69,267.738
M27,M70,212.738
M27,M71,191.945
M27,M72,202.945
M27,M73,213.945
M27,M74,224.945
M27,M75,235.945
M27,M76,265.538
M27,M77,263.338
M27,M78,274.338
M27,M79,285.338
M27,M80,230.338
M27,M81,209.545
M27,M82,220.545
M27,M83,231.545
M27,M84,242.545
M27,M85,253.545
M27,M86,283.138
M27,M87,280.938
M27,M88,291.938
M27,M89,302.938
M27,M90,247.938
M27,M91,227.145
M27,M92,238.145
M27,M93,249.145
M27,M94,260.145
M27,M95,271.145
M27,M96,300.738
M27,M97,311.738
M27,M98,322.738
M27,M99,333.738
M27,M100,344.738
M28,M1,268.299
M28,M2,279.299
M28,M3,290.299
M28,M4,301.299
M28,M5,312.299
M28,M6,186.13
M28,M7,197.13
M28,M8,208.13
M28,M9,219.13
M28,M10,230.13
M28,M11,264.122
M28,M12,275.122
M28,M13,246.522
M28,M14,257.522
M28,M15,268.522
M28,M16,232.114
M28,M17,243.114
M28,M18,254.114
M28,M19,265.114
M28,M20,276.114
M28,M21,281.722
M28,M22,292.722
M28,M23,292.507
M28,M24,303.507
M28,M25,252.907
M28,M26,150.93
M28,M27,90.184
M28,M29,31.0
M28,M30,42.0
M28,M31,75.992
M28,M32,86.992
M28,M33,58.392
M28,M34,69.392
M28,M35,80.392
M28,M36,109.984
M28,M37,120.984
M28,M38,131.984
M28,M39,142.984
M28,M40,114.384
M28,M41,93.592
M28,M42,104.592
M28,M43,115.592
M28,M44,126.592
M28,M45,130.777
M28,M46,160.369
M28,M47,171.369
M28,M48,182.369
M28,M49,193.369
M28,M50,204.369
M28,M51,145.745
M28,M52,156.745
M28,M53,167.745
M28,M54,178.745
M28,M55,189.745
M28,M56,219.338
M28,M57,217.138
M28,M58,228.138
M28,M59,239.138
M28,M60,184.138
M28,M61,163.345
M28,M62,174.345
M28,M63,185.345
M28,M64,196.345
M28,M65,207.345
M28,M66,236.938
M28,M67,234.738
M28,M68,245.738
M28,M69,256.738
M28,M70,201.738
M28,M71,180.945
M28,M72,191.945
M28,M73,202.945
M28,M74,213.945
M28,M75,224.945
M28,M76,254.538
M28,M77,252.338
M28,M78,263.338
M28,M79,274.338
M28,M80,219.338
M28,M81,198.545
M28,M82,209.545
M28,M83,220.545
M28,M84,231.545
M28,M85,242.545
M28,M86,272.138
M28,M87,269.938
M28,M88,280.938
M28,M89,291.938
M28,M90,236.938
M28,M91,216.145
M28,M92,227.145
M28,M93,238.145
M28,M94,249.145
M28,M95,260.145
M28,M96,289.738
M28,M97,300.738
M28,M98,311.738
M28,M99,322.738
M28,M100,333.738
M29,M1,257.299
M29,M2,268.299
M29,M3,279.299
M29,M4,290.299
M29,M5,301.299
M29,M6,214.73
M29,M7,225.73
M29,M8,236.73
M29,M9,247.73
M29,M10,258.73
M29,M11,259.605
M29,M12,270.605
M29,M13,275.122
M29,M14,286.122
M29,M15,297.122
M29,M16,260.714
M29,M17,271.714
M29,M18,282.714
M29,M19,293.714
M29,M20,297.997
M29,M21,277.205
M29,M22,288.205
M29,M23,299.205
M29,M24,310.205
M29,M25,281.507
M29,M26,179.53
M29,M27,118.784
M29,M28,129.784
M29,M30,31.0
M29,M31,64.992
M29,M32,75.992
M29,M33,86.992
M29,M34,97.992
M29,M35,108.992
M29,M36,138.584
M29,M37,136.384
M29,M38,147.384
M29,M39,158.384
M29,M40,103.384
M29,M41,82.592
M29,M42,93.592
M29,M43,104.592
M29,M44,115.592
M29,M45,126.592
M29,M46,156.184
M29,M47,167.184
M29,M48,178.184
M29,M49,189.184
M29,M50,200.184
M29,M51,134.745
M29,M52,145.745
M29,M53,156.745
M29,M54,167.745
M29,M55,178.745
M29,M56,208.338
M29,M57,206.138
M29,M58,217.138
M29,M59,228.138
M29,M60,173.138
M29,M61,152.345
M29,M62,163.345
M29,M63,174.345
M29,M64,185.345
M29,M65,196.345
M29,M66,225.938
M29,M67,223.738
M29,M68,234.738
M29,M69,245.738
M29,M70,190.738
M29,M71,169.945
M29,M72,180.945
M29,M73,191.945
M29,M74,202.945
M29,M75,213.945
M29,M76,243.538
M29,M77,241.338
M29,M78,252.338
M29,M79,263.338
M29,M80,208.338
M29,M81,187.545
M29,M82,198.545
M29,M83,209.545
M29,M84,220.545
M29,M85,231.545
M29,M86,261.138
M29,M87,258.938
M29,M88,269.938
M29,M89,280.938
M29,M90,225.938
M29,M91,205.145
M29,M92,216.145
M29,M93,227.145
M29,M94,238.145
M29,M95,249.145
M29,M96,278.738
M29,M97,289.738
M29,M98,300.738
M29,M99,311.738
M29,M100,322.738
M30,M1,246.299
M30,M2,257.299
M30,M3,268.299
M30,M4,279.299
M30,M5,290.299
M30,M6,203.73
M30,M7,214.73
M30,M8,225.73
M30,M9,236.73
M30,M10,247.73
M30,M11,248.605
M30,M12,259.605
M30,M13,264.122
M30,M14,275.122
M30,M15,286.122
M30,M16,249.714
M30,M17,260.714
M30,M18,271.714
M30,M19,282.714
M30,M20,286.997
M30,M21,266.205
M30,M22,277.205
M30,M23,288.205
M30,M24,299.205
M30,M25,270.507
M30,M26,168.53
M30,M27,107.784
M30,M28,118.784
M30,M29,129.784
M30,M31,53.992
M30,M32,64.992
M30,M33,75.992
M30,M34,86.992
M30,M35,97.992
M30,M36,127.584
M30,M37,125.384
M30,M38,136.384
M30,M39,147.384
M30,M40,92.384
M30,M41,71.592
M30,M42,82.592
M30,M43,93.592
M30,M44,104.592
M30,M45,115.592
M30,M46,145.184
M30,M47,156.184
M30,M48,167.184
M30,M49,178.184
M30,M50,189.184
M30,M51,123.745
M30,M52,134.745
M30,M53,145.745
M30,M54,156.745
M30,M55,167.745
M30,M56,197.338
M30,M57,195.138
M30,M58,206.138
M30,M59,217.138
M30,M60,162.138
M30,M61,141.345
M30,M62,152.345
M30,M63,163.345
M30,M64,174.345
M30,M65,185.345
M30,M66,214.938
M30,M67,212.738
M30,M68,223.738
M30,M69,234.738
M30,M70,179.738
M30,M71,158.945
M30,M72,169.945
M30,M73,180.945
M30,M74,191.945
M30,M75,202.945
M30,M76,232.538
M30,M77,230.338
M30,M78,241.338
M30,M79,252.338
M30,M80,197.338
M30,M81,176.545
M30,M82,187.545
M30,M83,198.545
M30,M84,209.545
M30,M85,220.545
M30,M86,250.138
M30,M87,247.938
M30,M88,258.938
M30,M89,269.938
M30,M90,214.938
M30,M91,194.145
M30,M92,205.145
M30,M93,216.145
M30,M94,227.145
M30,M95,238.145
M30,M96,267.738
M30,M97,278.738
M30,M98,289.738
M30,M99,300.738
M30,M100,311.738
M31,M1,267.091
M31,M2,278.091
M31,M3,289.091
M31,M4,300.091
M31,M5,311.091
M31,M6,169.738
M31,M7,180.738
M31,M8,191.738
M31,M9,202.738
M31,M10,213.738
M31,M11,247.73
M31,M12,258.73
M31,M13,230.13
M31,M14,241.13
M31,M15,252.13
M31,M16,215.722
M31,M17,226.722
M31,M18,237.722
M31,M19,248.722
M31,M20,259.722
M31,M21,265.33
M31,M22,276.33
M31,M23,276.114
M31,M24,287.114
M31,M25,236.514
M31,M26,134.538
M31,M27,73.792
M31,M28,84.792
M31,M29,95.792
M31,M30,40.792
M31,M32,31.0
M31,M33,42.0
M31,M34,53.0
M31,M35,64.0
M31,M36,93.592
M31,M37,104.592
M31,M38,115.592
M31,M39,126.592
M31,M40,113.177
M31,M41,92.384
M31,M42,103.384
M31,M43,114.384
M31,M44,125.384
M31,M45,114.384
M31,M46,143.977
M31,M47,154.977
M31,M48,165.977
M31,M49,176.977
M31,M50,187.977
M31,M51,144.538
M31,M52,155.538
M31,M53,166.538
M31,M54,177.538
M31,M55,188.538
M31,M56,218.13
M31,M57,215.93
M31,M58,226.93
M31,M59,237.93
M31,M60,182.93
M31,M61,162.138
M31,M62,173.138
M31,M63,184.138
M31,M64,195.138
M31,M65,206.138
M31,M66,235.73
M31,M67,233.53
M31,M68,244.53
M31,M69,255.53
M31,M70,200.53
M31,M71,179.738
M31,M72,190.738
M31,M73,201.738
M31,M74,212.738
M31,M75,223.738
M31,M76,253.33
M31,M77,251.13
M31,M78,262.13
M31,M79,273.13
M31,M80,218.13
M31,M81,197.338
M31,M82,208.338
M31,M83,219.338
M31,M84,230.338
M31,M85,241.338
M31,M86,270.93
M31,M87,268.73
M31,M88,279.73
M31,M89,290.73
M31,M90,235.73
M31,M91,214.938
M31,M92,225.938
M31,M93,236.938
M31,M94,247.938
M31,M95,258.938
M31,M96,288.53
M31,M97,299.53
M31,M98,310.53
M31,M99,321.53
M31,M100,332.53
M32,M1,270.491
M32,M2,281.491
M32,M3,292.491
M32,M4,303.491
M32,M5,314.491
M32,M6,158.738
M32,M7,169.738
M32,M8,180.738
M32,M9,191.738
M32,M10,202.738
M32,M11,236.73
M32,M12,247.73
M32,M13,219.13
M32,M14,230.13
M32,M15,241.13
M32,M16,204.722
M32,M17,215.722
M32,M18,226.722
M32,M19,237.722
M32,M20,248.722
M32,M21,254.33
M32,M22,265.33
M32,M23,265.114
M32,M24,276.114
M32,M25,225.514
M32,M26,123.538
M32,M27,62.792
M32,M28,73.792
M32,M29,84.792
M32,M30,95.792
M32,M31,129.784
M32,M33,31.0
M32,M34,42.0
M32,M35,53.0
M32,M36,82.592
M32,M37,93.592
M32,M38,104.592
M32,M39,115.592
M32,M40,126.592
M32,M41,147.384
M32,M42,158.384
M32,M43,142.984
M32,M44,153.984
M32,M45,103.384
M32,M46,132.977
M32,M47,143.977
M32,M48,154.977
M32,M49,165.977
M32,M50,176.977
M32,M51,199.538
M32,M52,210.538
M32,M53,221.538
M32,M54,232.538
M32,M55,243.538
M32,M56,273.13
M32,M57,270.93
M32,M58,281.93
M32,M59,292.93
M32,M60,237.93
M32,M61,217.138
M32,M62,228.138
M32,M63,239.138
M32,M64,250.138
M32,M65,261.138
M32,M66,290.73
M32,M67,288.53
M32,M68,299.53
M32,M69,310.53
M32,M70,255.53
M32,M71,234.738
M32,M72,245.738
M32,M73,256.738
M32,M74,267.738
M32,M75,278.738
M32,M76,308.33
M32,M77,306.13
M32,M78,317.13
M32,M79,328.13
M32,M80,273.13
M32,M81,252.338
M32,M82,263.338
M32,M83,274.338
M32,M84,285.338
M32,M85,296.338
M32,M86,325.93
M32,M87,323.73
M32,M88,334.73
M32,M89,345.73
M32,M90,290.73
M32,M91,269.938
M32,M92,280.938
M32,M93,291.938
M32,M94,302.938
M32,M95,313.938
M32,M96,343.53
M32,M97,354.53
M32,M98,365.53
M32,M99,376.53
M32,M100,387.53
M33,M1,259.491
M33,M2,270.491
M33,M3,281.491
M33,M4,292.491
M33,M5,303.491
M33,M6,147.738
M33,M7,158.738
M33,M8,169.738
M33,M9,180.738
M33,M10,191.738
M33,M11,225.73
M33,M12,236.73
M33,M13,208.13
M33,M14,219.13
M33,M15,230.13
M33,M16,193.722
M33,M17,204.722
M33,M18,215.722
M33,M19,226.722
M33,M20,237.722
M33,M21,243.33
M33,M22,254.33
M33,M23,254.114
M33,M24,265.114
M33,M25,214.514
M33,M26,112.538
M33,M27,51.792
M33,M28,62.792
M33,M29,73.792
M33,M30,84.792
M33,M31,118.784
M33,M32,129.784
M33,M34,31.0
M33,M35,42.0
M33,M36,71.592
M33,M37,82.592
M33,M38,93.592
M33,M39,104.592
M33,M40,115.592
M33,M41,136.384
M33,M42,147.384
M33,M43,131.984
M33,M44,142.984
M33,M45,92.384
M33,M46,121.977
M33,M47,132.977
M33,M48,143.977
M33,M49,154.977
M33,M50,165.977
M33,M51,188.538
M33,M52,199.538
M33,M53,210.538
M33,M54,221.538
M33,M55,232.538
M33,M56,262.13
M33,M57,259.93
M33,M58,270.93
M33,M59,281.93
M33,M60,226.93
M33,M61,206.138
M33,M62,217.138
M33,M63,228.138
M33,M64,239.138
M33,M65,250.138
M33,M66,279.73
M33,M67,277.53
M33,M68,288.53
M33,M69,299.53
M33,M70,244.53
M33,M71,223.738
M33,M72,234.738
M33,M73,245.738
M33,M74,256.738
M33,M75,267.738
M33,M76,297.33
M33,M77,295.13
M33,M78,306.13
M33,M79,317.13
M33,M80,262.13
M33,M81,241.338
M33,M82,252.338
M33,M83,263.338
M33,M84,274.338
M33,M85,285.338
M33,M86,314.93
M33,M87,312.73
M33,M88,323.73
M33,M89,334.73
M33,M90,279.73
M33,M91,258.938
M33,M92,269.938
M33,M93,280.938
M33,M94,291.938
M33,M95,302.938
M33,M96,332.53
M33,M97,343.53
M33,M98,354.53
M33,M99,365.53
M33,M100,376.53
M34,M1,248.491
M34,M2,259.491
M34,M3,270.491
M34,M4,281.491
M34,M5,292.491
M34,M6,136.738
M34,M7,147.738
M34,M8,158.738
M34,M9,169.738
M34,M10,180.738
M34,M11,214.73
M34,M12,225.73
M34,M13,197.13
M34,M14,208.13
M34,M15,219.13
M34,M16,182.722
M34,M17,193.722
M34,M18,204.722
M34,M19,215.722
M34,M20,226.722
M34,M21,232.33
M34,M22,243.33
M34,M23,243.114
M34,M24,254.114
M34,M25,203.514
M34,M26,101.538
M34,M27,40.792
M34,M28,51.792
M34,M29,62.792
M34,M30,73.792
M34,M31,107.784
M34,M32,118.784
M34,M33,90.184
M34,M35,31.0
M34,M36,60.592
M34,M37,71.592
M34,M38,82.592
M34,M39,93.592
M34,M40,104.592
M34,M41,125.384
M34,M42,136.384
M34,M43,120.984
M34,M44,131.984
M34,M45,81.384
M34,M46,110.977
M34,M47,121.977
M34,M48,132.977
M34,M49,143.977
M34,M50,154.977
M34,M51,177.538
M34,M52,188.538
M34,M53,199.538
M34,M54,210.538
M34,M55,221.538
M34,M56,251.13
M34,M57,248.93
M34,M58,259.93
M34,M59,270.93
M34,M60,215.93
M34,M61,195.138
M34,M62,206.138
M34,M63,217.138
M34,M64,228.138
M34,M65,239.138
M34,M66,268.73
M34,M67,266.53
M34,M68,277.53
M34,M69,288.53
M34,M70,233.53
M34,M71,212.738
M34,M72,223.738
M34,M73,234.738
M34,M74,245.738
M34,M75,256.738
M34,M76,286.33
M34,M77,284.13
M34,M78,295.13
M34,M79,306.13
M34,M80,251.13
M34,M81,230.338
M34,M82,241.338
M34,M83,252.338
M34,M84,263.338
M34,M85,274.338
M34,M86,303.93
M34,M87,301.73
M34,M88,312.73
M34,M89,323.73
M34,M90,268.73
M34,M91,247.938
M34,M92,258.938
M34,M93,269.938
M34,M94,280.938
M34,M95,291.938
M34,M96,321.53
M34,M97,332.53
M34,M98,343.53
M34,M99,354.53
M34,M100,365.53
M35,M1,237.491
M35,M2,248.491
M35,M3,259.491
M35,M4,270.491
M35,M5,281.491
M35,M6,125.738
M35,M7,136.738
M35,M8,147.738
M35,M9,158.738
M35,M10,169.738
M35,M11,203.73
M35,M12,214.73
M35,M13,186.13
M35,M14,197.13
M35,M15,208.13
M35,M16,171.722
M35,M17,182.722
M35,M18,193.722
M35,M19,204.722
M35,M20,215.722
M35,M21,221.33
M35,M22,232.33
M35,M23,232.114
M35,M24,243.114
M35,M25,192.514
M35,M26,90.538
M35,M27,101.538
M35,M28,112.538
M35,M29,123.538
M35,M30,134.538
M35,M31,168.53
M35,M32,179.53
M35,M33,150.93
M35,M34,161.93
M35,M36,49.592
M35,M37,60.592
M35,M38,71.592
M35,M39,82.592
M35,M40,93.592
M35,M41,127.584
M35,M42,138.584
M35,M43,109.984
M35,M44,120.984
M35,M45,70.384
M35,M46,99.977
M35,M47,110.977
M35,M48,121.977
M35,M49,132.977
M35,M50,143.977
M35,M51,179.738
M35,M52,190.738
M35,M53,201.738
M35,M54,212.738
M35,M55,223.738
M35,M56,253.33
M35,M57,251.13
M35,M58,262.13
M35,M59,273.13
M35,M60,218.13
M35,M61,197.338
M35,M62,208.338
M35,M63,219.338
M35,M64,230.338
M35,M65,241.338
M35,M66,270.93
M35,M67,268.73
M35,M68,279.73
M35,M69,290.73
M35,M70,235.73
M35,M71,214.938
M35,M72,225.938
M35,M73,236.938
M35,M74,247.938
M35,M75,258.938
M35,M76,288.53
M35,M77,286.33
M35,M78,297.33
M35,M79,308.33
M35,M80,253.33
M35,M81,232.538
M35,M82,243.538
M35,M83,254.538
M35,M84,265.538
M35,M85,276.538
M35,M86,306.13
M35,M87,303.93
M35,M88,314.93
M35,M89,325.93
M35,M90,270.93
M35,M91,250.138
M35,M92,261.138
M35,M93,272.138
M35,M94,283.138
M35,M95,294.138
M35,M96,322.53
M35,M97,333.53
M35,M98,344.53
M35,M99,355.53
M35,M100,366.53
M36,M1,272.699
M36,M2,283.699
M36,M3,294.699
M36,M4,305.699
M36,M5,316.699
M36,M6,317.091
M36,M7,328.091
M36,M8,339.091
M36,M9,350.091
M36,M10,295.797
M36,M11,275.005
M36,M12,286.005
M36,M13,297.005
M36,M14,308.005
M36,M15,319.005
M36,M16,348.597
M36,M17,346.397
M36,M18,357.397
M36,M19,368.397
M36,M20,313.397
M36,M21,292.605
M36,M22,303.605
M36,M23,314.605
M36,M24,325.605
M36,M25,336.605
M36,M26,281.891
M36,M27,292.891
M36,M28,303.891
M36,M29,314.891
M36,M30,325.891
M36,M31,310.205
M36,M32,321.205
M36,M33,332.205
M36,M34,343.205
M36,M35,302.683
M36,M37,31.0
M36,M38,42.0
M36,M39,53.0
M36,M40,64.0
M36,M41,97.992
M36,M42,108.992
M36,M43,80.392
M36,M44,91.392
M36,M45,40.792
M36,M46,70.384
M36,M47,81.384
M36,M48,92.384
M36,M49,103.384
M36,M50,114.384
M36,M51,150.145
M36,M52,161.145
M36,M53,172.145
M36,M54,183.145
M36,M55,194.145
M36,M56,223.738
M36,M57,221.538
M36,M58,232.538
M36,M59,243.538
M36,M60,188.538
M36,M61,167.745
M36,M62,178.745
M36,M63,189.745
M36,M64,200.745
M36,M65,211.745
M36,M66,241.338
M36,M67,239.138
M36,M68,250.138
M36,M69,261.138
M36,M70,206.138
M36,M71,185.345
M36,M72,196.345
M36,M73,207.345
M36,M74,218.345
M36,M75,229.345
M36,M76,258.938
M36,M77,256.738
M36,M78,267.738
M36,M79,278.738
M36,M80,223.738
M36,M81,202.945
M36,M82,213.945
M36,M83,224.945
M36,M84,235.945
M36,M85,246.945
M36,M86,276.538
M36,M87,274.338
M36,M88,285.338
M36,M89,296.338
M36,M90,241.338
M36,M91,220.545
M36,M92,231.545
M36,M93,242.545
M36,M94,253.545
M36,M95,264.545
M36,M96,294.138
M36,M97,305.138
M36,M98,316.138
M36,M99,327.138
M36,M100,338.138
M37,M1,261.699
M37,M2,272.699
M37,M3,283.699
M37,M4,294.699
M37,M5,305.699
M37,M6,306.091
M37,M7,317.091
M37,M8,328.091
M37,M9,339.091
M37,M10,284.797
M37,M11,264.005
M37,M12,275.005
M37,M13,286.005
M37,M14,297.005
M37,M15,308.005
M37,M16,337.597
M37,M17,335.397
M37,M18,346.397
M37,M19,357.397
M37,M20,302.397
M37,M21,281.605
M37,M22,292.605
M37,M23,303.605
M37,M24,314.605
M37,M25,325.605
M37,M26,270.891
M37,M27,281.891
M37,M28,292.891
M37,M29,303.891
M37,M30,314.891
M37,M31,299.205
M37,M32,310.205
M37,M33,321.205
M37,M34,332.205
M37,M35,291.683
M37,M36,321.275
M37,M38,31.0
M37,M39,42.0
M37,M40,53.0
M37,M41,86.992
M37,M42,97.992
M37,M43,69.392
M37,M44,80.392
M37,M45,91.392
M37,M46,120.984
M37,M47,131.984
M37,M48,142.984
M37,M49,153.984
M37,M50,164.984
M37,M51,139.145
M37,M52,150.145
M37,M53,161.145
M37,M54,172.145
M37,M55,183.145
M37,M56,212.738
M37,M57,210.538
M37,M58,221.538
M37,M59,232.538
M37,M60,177.538
M37,M61,156.745
M37,M62,167.745
M37,M63,178.745
M37,M64,189.745
M37,M65,200.745
M37,M66,230.338
M37,M67,228.138
M37,M68,239.138
M37,M69,250.138
M37,M70,195.138
M37,M71,174.345
M37,M72,185.345
M37,M73,196.345
M37,M74,207.345
M37,M75,218.345
M37,M76,247.938
M37,M77,245.738
M37,M78,256.738
M37,M79,267.738
M37,M80,212.738
M37,M81,191.945
M37,M82,202.945
M37,M83,213.945
M37,M84,224.945
M37,M85,235.945
M37,M86,265.538
M37,M87,263.338
M37,M88,274.338
M37,M89,285.338
M37,M90,230.338
M37,M91,209.545
M37,M92,220.545
M37,M93,231.545
M37,M94,242.545
M37,M95,253.545
M37,M96,283.138
M37,M97,294.138
M37,M98,305.138
M37,M99,316.138
M37,M100,327.138
M38,M1,250.699
M38,M2,261.699
M38,M3,272.699
M38,M4,283.699
M38,M5,294.699
M38,M6,295.091
M38,M7,306.091
M38,M8,317.091
M38,M9,328.091
M38,M10,273.797
M38,M11,253.005
M38,M12,264.005
M38,M13,275.005
M38,M14,286.005
M38,M15,297.005
M38,M16,326.597
M38,M17,324.397
M38,M18,335.397
M38,M19,346.397
M38,M20,291.397
M38,M21,270.605
M38,M22,281.605
M38,M23,292.605
M38,M24,303.605
M38,M25,314.605
M38,M26,259.891
M38,M27,270.891
M38,M28,281.891
M38,M29,292.891
M38,M30,303.891
M38,M31,288.205
M38,M32,299.205
M38,M33,310.205
M38,M34,321.205
M38,M35,280.683
M38,M36,310.275
M38,M37,90.184
M38,M39,31.0
M38,M40,42.0
M38,M41,75.992
M38,M42,86.992
M38,M43,58.392
M38,M44,69.392
M38,M45,80.392
M38,M46,109.984
M38,M47,120.984
M38,M48,131.984
M38,M49,142.984
M38,M50,153.984
M38,M51,128.145
M38,M52,139.145
M38,M53,150.145
M38,M54,161.145
M38,M55,172.145
M38,M56,201.738
M38,M57,199.538
M38,M58,210.538
M38,M59,221.538
M38,M60,166.538
M38,M61,145.745
M38,M62,156.745
M38,M63,167.745
M38,M64,178.745
M38,M65,189.745
M38,M66,219.338
M38,M67,217.138
M38,M68,228.138
M38,M69,239.138
M38,M70,184.138
M38,M71,163.345
M38,M72,174.345
M38,M73,185.345
M38,M74,196.345
M38,M75,207.345
M38,M76,236.938
M38,M77,234.738
M38,M78,245.738
M38,M79,256.738
M38,M80,201.738
M38,M81,180.945
M38,M82,191.945
M38,M83,202.945
M38,M84,213.945
M38,M85,224.945
M38,M86,254.538
M38,M87,252.338
M38,M88,263.338
M38,M89,274.338
M38,M90,219.338
M38,M91,198.545
M38,M92,209.545
M38,M93,220.545
M38,M94,231.545
M38,M95,242.545
M38,M96,272.138
M38,M97,283.138
M38,M98,294.138
M38,M99,305.138
M38,M100,316.138
M39,M1,239.699
M39,M2,250.699
M39,M3,261.699
M39,M4,272.699
M39,M5,283.699
M39,M6,284.091
M39,M7,295.091
M39,M8,306.091
M39,M9,317.091
M39,M10,262.797
M39,M11,242.005
M39,M12,253.005
M39,M13,264.005
M39,M14,275.005
M39,M15,286.005
M39,M16,315.597
M39,M17,313.397
M39,M18,324.397
M39,M19,335.397
M39,M20,280.397
M39,M21,259.605
M39,M22,270.605
M39,M23,281.605
M39,M24,292.605
M39,M25,303.605
M39,M26,248.891
M39,M27,259.891
M39,M28,270.891
M39,M29,281.891
M39,M30,292.891
M39,M31,277.205
M39,M32,288.205
M39,M33,299.205
M39,M34,310.205
M39,M35,269.683
M39,M36,299.275
M39,M37,118.784
M39,M38,129.784
M39,M40,31.0
M39,M41,64.992
M39,M42,75.992
M39,M43,86.992
M39,M44,97.992
M39,M45,108.992
M39,M46,138.584
M39,M47,149.584
M39,M48,160.584
M39,M49,171.584
M39,M50,182.584
M39,M51,117.145
M39,M52,128.145
M39,M53,139.145
M39,M54,150.145
M39,M55,161.145
M39,M56,190.738
M39,M57,188.538
M39,M58,199.538
M39,M59,210.538
M39,M60,155.538
M39,M61,134.745
M39,M62,145.745
M39,M63,156.745
M39,M64,167.745
M39,M65,178.745
M39,M66,208.338
M39,M67,206.138
M39,M68,217.138
M39,M69,228.138
M39,M70,173.138
M39,M71,152.345
M39,M72,163.345
M39,M73,174.345
M39,M74,185.345
M39,M75,196.345
M39,M76,225.938
M39,M77,223.738
M39,M78,234.738
M39,M79,245.738
M39,M80,190.738
M39,M81,169.945
M39,M82,180.945
M39,M83,191.945
M39,M84,202.945
M39,M85,213.945
M39,M86,243.538
M39,M87,241.338
M39,M88,252.338
M39,M89,263.338
M39,M90,208.338
M39,M91,187.545
M39,M92,198.545
M39,M93,209.545
M39,M94,220.545
M39,M95,231.545
M39,M96,261.138
M39,M97,272.138
M39,M98,283.138
M39,M99,294.138
M39,M100,305.138
M40,M1,228.699
M40,M2,239.699
M40,M3,250.699
M40,M4,261.699
M40,M5,272.699
M40,M6,273.091
M40,M7,284.091
M40,M8,295.091
M40,M9,306.091
M40,M10,251.797
M40,M11,231.005
M40,M12,242.005
M40,M13,253.005
M40,M14,264.005
M40,M15,275.005
M40,M16,304.597
M40,M17,302.397
M40,M18,313.397
M40,M19,324.397
M40,M20,269.397
M40,M21,248.605
M40,M22,259.605
M40,M23,270.605
M40,M24,281.605
M40,M25,292.605
M40,M26,237.891
M40,M27,248.891
M40,M28,259.891
M40,M29,270.891
M40,M30,281.891
M40,M31,266.205
M40,M32,277.205
M40,M33,288.205
M40,M34,299.205
M40,M35,258.683
M40,M36,288.275
M40,M37,107.784
M40,M38,118.784
M40,M39,129.784
M40,M41,53.992
M40,M42,64.992
M40,M43,75.992
M40,M44,86.992
M40,M45,97.992
M40,M46,127.584
M40,M47,138.584
M40,M48,149.584
M40,M49,160.584
M40,M50,171.584
M40,M51,106.145
M40,M52,117.145
M40,M53,128.145
M40,M54,139.145
M40,M55,150.145
M40,M56,179.738
M40,M57,177.538
M40,M58,188.538
M40,M59,199.538
M40,M60,144.538
M40,M61,123.745
M40,M62,134.745
M40,M63,145.745
M40,M64,156.745
M40,M65,167.745
M40,M66,197.338
M40,M67,195.138
M40,M68,206.138
M40,M69,217.138
M40,M70,162.138
M40,M71,141.345
M40,M72,152.345
M40,M73,163.345
M40,M74,174.345
M40,M75,185.345
M40,M76,214.938
M40,M77,212.738
M40,M78,223.738
M40,M79,234.738
M40,M80,179.738
M40,M81,158.945
M40,M82,169.945
M40,M83,180.945
M40,M84,191.945
M40,M85,202.945
M40,M86,232.538
M40,M87,230.338
M40,M88,241.338
M40,M89,252.338
M40,M90,197.338
M40,M91,176.545
M40,M92,187.545
M40,M93,198.545
M40,M94,209.545
M40,M95,220.545
M40,M96,250.138
M40,M97,261.138
M40,M98,272.138
M40,M99,283.138
M40,M100,294.138
M41,M1,249.491
M41,M2,260.491
M41,M3,271.491
M41,M4,282.491
M41,M5,293.491
M41,M6,293.883
M41,M7,304.883
M41,M8,315.883
M41,M9,326.883
M41,M10,272.589
M41,M11,251.797
M41,M12,262.797
M41,M13,273.797
M41,M14,284.797
M41,M15,295.797
M41,M16,325.389
M41,M17,323.189
M41,M18,334.189
M41,M19,345.189
M41,M20,290.189
M41,M21,269.397
M41,M22,280.397
M41,M23,291.397
M41,M24,302.397
M41,M25,313.397
M41,M26,258.683
M41,M27,269.683
M41,M28,280.683
M41,M29,291.683
M41,M30,302.683
M41,M31,286.997
M41,M32,297.997
M41,M33,308.997
M41,M34,319.997
M41,M35,279.475
M41,M36,309.067
M41,M37,73.792
M41,M38,84.792
M41,M39,95.792
M41,M40,40.792
M41,M42,31.0
M41,M43,42.0
M41,M44,53.0
M41,M45,64.0
M41,M46,93.592
M41,M47,104.592
M41,M48,115.592
M41,M49,126.592
M41,M50,137.592
M41,M51,126.938
M41,M52,137.938
M41,M53,148.938
M41,M54,159.938
M41,M55,170.938
M41,M56,200.53
M41,M57,198.33
M41,M58,209.33
M41,M59,220.33
M41,M60,165.33
M41,M61,144.538
M41,M62,155.538
M41,M63,166.538
M41,M64,177.538
M41,M65,188.538
M41,M66,218.13
M41,M67,215.93
M41,M68,226.93
M41,M69,237.93
M41,M70,182.93
M41,M71,162.138
M41,M72,173.138
M41,M73,184.138
M41,M74,195.138
M41,M75,206.138
M41,M76,235.73
M41,M77,233.53
M41,M78,244.53
M41,M79,255.53
M41,M80,200.53
M41,M81,179.738
M41,M82,190.738
M41,M83,201.738
M41,M84,212.738
M41,M85,223.738
M41,M86,253.33
M41,M87,251.13
M41,M88,262.13
M41,M89,273.13
M41,M90,218.13
M41,M91,197.338
M41,M92,208.338
M41,M93,219.338
M41,M94,230.338
M41,M95,241.338
M41,M96,270.93
M41,M97,281.93
M41,M98,292.93
M41,M99,303.93
M41,M100,314.93
M42,M1,304.491
M42,M2,315.491
M42,M3,326.491
M42,M4,337.491
M42,M5,348.491
M42,M6,348.883
M42,M7,359.883
M42,M8,370.883
M42,M9,381.883
M42,M10,327.589
M42,M11,306.797
M42,M12,317.797
M42,M13,328.797
M42,M14,339.797
M42,M15,350.797
M42,M16,380.389
M42,M17,378.189
M42,M18,389.189
M42,M19,400.189
M42,M20,345.189
M42,M21,324.397
M42,M22,335.397
M42,M23,346.397
M42,M24,357.397
M42,M25,368.397
M42,M26,313.683
M42,M27,324.683
M42,M28,335.683
M42,M29,346.683
M42,M30,357.683
M42,M31,341.997
M42,M32,352.997
M42,M33,363.997
M42,M34,374.997
M42,M35,334.475
M42,M36,364.067
M42,M37,62.792
M42,M38,73.792
M42,M39,84.792
M42,M40,95.792
M42,M41,129.784
M42,M43,31.0
M42,M44,42.0
M42,M45,53.0
M42,M46,82.592
M42,M47,93.592
M42,M48,104.592
M42,M49,115.592
M42,M50,126.592
M42,M51,181.938
M42,M52,192.938
M42,M53,203.938
M42,M54,214.938
M42,M55,225.938
M42,M56,255.53
M42,M57,253.33
M42,M58,264.33
M42,M59,275.33
M42,M60,220.33
M42,M61,199.538
M42,M62,210.538
M42,M63,221.538
M42,M64,232.538
M42,M65,243.538
M42,M66,273.13
M42,M67,270.93
M42,M68,281.93
M42,M69,292.93
M42,M70,237.93
M42,M71,217.138
M42,M72,228.138
M42,M73,239.138
M42,M74,250.138
M42,M75,261.138
M42,M76,290.73
M42,M77,288.53
M42,M78,299.53
M42,M79,310.53
M42,M80,255.53
M42,M81,234.738
M42,M82,245.738
M42,M83,256.738
M42,M84,267.738
M42,M85,278.738
M42,M86,308.33
M42,M87,306.13
M42,M88,317.13
M42,M89,328.13
M42,M90,273.13
M42,M91,252.338
M42,M92,263.338
M42,M93,274.338
M42,M94,285.338
M42,M95,296.338
M42,M96,325.93
M42,M97,336.93
M42,M98,347.93
M42,M99,358.93
M42,M100,369.93
M43,M1,293.491
M43,M2,304.491
M43,M3,315.491
M43,M4,326.491
M43,M5,337.491
M43,M6,337.883
M43,M7,348.883
M43,M8,359.883
M43,M9,370.883
M43,M10,316.589
M43,M11,295.797
M43,M12,306.797
M43,M13,317.797
M43,M14,328.797
M43,M15,339.797
M43,M16,369.389
M43,M17,367.189
M43,M18,378.189
M43,M19,389.189
M43,M20,334.189
M43,M21,313.397
M43,M22,324.397
M43,M23,335.397
M43,M24,346.397
M43,M25,357.397
M43,M26,302.683
M43,M27,313.683
M43,M28,324.683
M43,M29,335.683
M43,M30,346.683
M43,M31,330.997
M43,M32,341.997
M43,M33,352.997
M43,M34,363.997
M43,M35,323.475
M43,M36,353.067
M43,M37,51.792
M43,M38,62.792
M43,M39,73.792
M43,M40,84.792
M43,M41,118.784
M43,M42,129.784
M43,M44,31.0
M43,M45,42.0
M43,M46,71.592
M43,M47,82.592
M43,M48,93.592
M43,M49,104.592
M43,M50,115.592
M43,M51,170.938
M43,M52,181.938
M43,M53,192.938
M43,M54,203.938
M43,M55,214.938
M43,M56,244.53
M43,M57,242.33
M43,M58,253.33
M43,M59,264.33
M43,M60,209.33
M43,M61,188.538
M43,M62,199.538
M43,M63,210.538
M43,M64,221.538
M43,M65,232.538
M43,M66,262.13
M43,M67,259.93
M43,M68,270.93
M43,M69,281.93
M43,M70,226.93
M43,M71,206.138
M43,M72,217.138
M43,M73,228.138
M43,M74,239.138
M43,M75,250.138
M43,M76,279.73
M43,M77,277.53
M43,M78,288.53
M43,M79,299.53
M43,M80,244.53
M43,M81,223.738
M43,M82,234.738
M43,M83,245.738
M43,M84,256.738
M43,M85,267.738
M43,M86,297.33
M43,M87,295.13
M43,M88,306.13
M43,M89,317.13
M43,M90,262.13
M43,M91,241.338
M43,M92,252.338
M43,M93,263.338
M43,M94,274.338
M43,M95,285.338
M43,M96,314.93
M43,M97,325.93
M43,M98,336.93
M43,M99,347.93
M43,M100,358.93
M44,M1,282.491
M44,M2,293.491
M44,M3,304.491
M44,M4,315.491
M44,M5,326.491
M44,M6,326.883
M44,M7,337.883
M44,M8,348.883
M44,M9,359.883
M44,M10,305.589
M44,M11,284.797
M44,M12,295.797
M44,M13,306.797
M44,M14,317.797
M44,M15,328.797
M44,M16,358.389
M44,M17,356.189
M44,M18,367.189
M44,M19,378.189
M44,M20,323.189
M44,M21,302.397
M44,M22,313.397
M44,M23,324.397
M44,M24,335.397
M44,M25,346.397
M44,M26,291.683
M44,M27,302.683
M44,M28,313.683
M44,M29,324.683
M44,M30,335.683
M44,M31,319.997
M44,M32,330.997
M44,M33,341.997
M44,M34,352.997
M44,M35,312.475
M44,M36,342.067
M44,M37,40.792
M44,M38,51.792
M44,M39,62.792
M44,M40,73.792
M44,M41,107.784
M44,M42,118.784
M44,M43,90.184
M44,M45,31.0
M44,M46,60.592
M44,M47,71.592
M44,M48,82.592
M44,M49,93.592
M44,M50,104.592
M44,M51,159.938
M44,M52,170.938
M44,M53,181.938
M44,M54,192.938
M44,M55,203.938
M44,M56,233.53
M44,M57,231.33
M44,M58,242.33
M44,M59,253.33
M44,M60,198.33
M44,M61,177.538
M44,M62,188.538
M44,M63,199.538
M44,M64,210.538
M44,M65,221.538
M44,M66,251.13
M44,M67,248.93
M44,M68,259.93
M44,M69,270.93
M44,M70,215.93
M44,M71,195.138
M44,M72,206.138
M44,M73,217.138
M44,M74,228.138
M44,M75,239.138
M44,M76,268.73
M44,M77,266.53
M44,M78,277.53
M44,M79,288.53
M44,M80,233.53
M44,M81,212.738
M44,M82,223.738
M44,M83,234.738
M44,M84,245.738
M44,M85,256.738
M44,M86,286.33
M44,M87,284.13
M44,M88,295.13
M44,M89,306.13
M44,M90,251.13
M44,M91,230.338
M44,M92,241.338
M44,M93,252.338
M44,M94,263.338
M44,M95,274.338
M44,M96,303.93
M44,M97,314.93
M44,M98,325.93
M44,M99,336.93
M44,M100,347.93
M45,M1,284.691
M45,M2,295.691
M45,M3,306.691
M45,M4,317.691
M45,M5,328.691
M45,M6,329.083
M45,M7,340.083
M45,M8,351.083
M45,M9,362.083
M45,M10,323.083
M45,M11,302.291
M45,M12,313.291
M45,M13,324.291
M45,M14,335.291
M45,M15,346.291
M45,M16,375.067
M45,M17,373.683
M45,M18,384.683
M45,M19,395.683
M45,M20,340.683
M45,M21,319.891
M45,M22,330.891
M45,M23,341.891
M45,M24,352.891
M45,M25,363.891
M45,M26,293.883
M45,M27,304.883
M45,M28,315.883
M45,M29,326.883
M45,M30,337.883
M45,M31,337.491
M45,M32,348.491
M45,M33,354.275
M45,M34,365.275
M45,M35,314.675
M45,M36,344.267
M45,M37,355.267
M45,M38,366.267
M45,M39,377.267
M45,M40,375.883
M45,M41,355.091
M45,M42,366.091
M45,M43,377.091
M45,M44,388.091
M45,M46,49.592
M45,M47,60.592
M45,M48,71.592
M45,M49,82.592
M45,M50,93.592
M45,M51,162.138
M45,M52,173.138
M45,M53,184.138
M45,M54,195.138
M45,M55,206.138
M45,M56,235.73
M45,M57,233.53
M45,M58,244.53
M45,M59,255.53
M45,M60,200.53
M45,M61,179.738
M45,M62,190.738
M45,M63,201.738
M45,M64,212.738
M45,M65,223.738
M45,M66,253.33
M45,M67,251.13
M45,M68,262.13
M45,M69,273.13
M45,M70,218.13
M45,M71,197.338
M45,M72,208.338
M45,M73,219.338
M45,M74,230.338
M45,M75,241.338
M45,M76,270.93
M45,M77,268.73
M45,M78,279.73
M45,M79,290.73
M45,M80,235.73
M45,M81,214.938
M45,M82,225.938
M45,M83,236.938
M45,M84,247.938
M45,M85,258.938
M45,M86,288.53
M45,M87,286.33
M45,M88,297.33
M45,M89,308.33
M45,M90,253.33
M45,M91,232.538
M45,M92,243.538
M45,M93,254.538
M45,M94,265.538
M45,M95,276.538
M45,M96,306.13
M45,M97,317.13
M45,M98,328.13
M45,M99,339.13
M45,M100,350.13
M46,M1,255.099
M46,M2,266.099
M46,M3,277.099
M46,M4,288.099
M46,M5,299.099
M46,M6,299.491
M46,M7,310.491
M46,M8,321.491
M46,M9,332.491
M46,M10,293.491
M46,M11,272.699
M46,M12,283.699
M46,M13,294.699
M46,M14,305.699
M46,M15,316.699
M46,M16,345.475
M46,M17,344.091
M46,M18,355.091
M46,M19,366.091
M46,M20,311.091
M46,M21,290.299
M46,M22,301.299
M46,M23,312.299
M46,M24,323.299
M46,M25,334.299
M46,M26,264.291
M46,M27,275.291
M46,M28,286.291
M46,M29,297.291
M46,M30,308.291
M46,M31,307.899
M46,M32,318.899
M46,M33,324.683
M46,M34,335.683
M46,M35,285.083
M46,M36,314.675
M46,M37,325.675
M46,M38,336.675
M46,M39,347.675
M46,M40,346.291
M46,M41,325.499
M46,M42,336.499
M46,M43,347.499
M46,M44,358.499
M46,M45,335.467
M46,M47,31.0
M46,M48,42.0
M46,M49,53.0
M46,M50,64.0
M46,M51,132.545
M46,M52,143.545
M46,M53,154.545
M46,M54,165.545
M46,M55,176.545
M46,M56,206.138
M46,M57,203.938
M46,M58,214.938
M46,M59,225.938
M46,M60,170.938
M46,M61,150.145
M46,M62,161.145
M46,M63,172.145
M46,M64,183.145
M46,M65,194.145
M46,M66,223.738
M46,M67,221.538
M46,M68,232.538
M46,M69,243.538
M46,M70,188.538
M46,M71,167.745
M46,M72,178.745
M46,M73,189.745
M46,M74,200.745
M46,M75,211.745
M46,M76,241.338
M46,M77,239.138
M46,M78,250.138
M46,M79,261.138
M46,M80,206.138
M46,M81,185.345
M46,M82,196.345
M46,M83,207.345
M46,M84,218.345
M46,M85,229.345
M46,M86,258.938
M46,M87,256.738
M46,M88,267.738
M46,M89,278.738
M46,M90,223.738
M46,M91,202.945
M46,M92,213.945
M46,M93,224.945
M46,M94,235.945
M46,M95,246.945
M46,M96,276.538
M46,M97,287.538
M46,M98,298.538
M46,M99,309.538
M46,M100,320.538
M47,M1,244.099
M47,M2,255.099
M47,M3,266.099
M47,M4,277.099
M47,M5,288.099
M47,M6,288.491
M47,M7,299.491
M47,M8,310.491
M47,M9,321.491
M47,M10,282.491
M47,M11,261.699
M47,M12,272.699
M47,M13,283.699
M47,M14,294.699
M47,M15,305.699
M47,M16,334.475
M47,M17,333.091
M47,M18,344.091
M47,M19,355.091
M47,M20,300.091
M47,M21,279.299
M47,M22,290.299
M47,M23,301.299
M47,M24,312.299
M47,M25,323.299
M47,M26,253.291
M47,M27,264.291
M47,M28,275.291
M47,M29,286.291
M47,M30,297.291
M47,M31,296.899
M47,M32,307.899
M47,M33,313.683
M47,M34,324.683
M47,M35,274.083
M47,M36,303.675
M47,M37,314.675
M47,M38,325.675
M47,M39,336.675
M47,M40,335.291
M47,M41,314.499
M47,M42,325.499
M47,M43,336.499
M47,M44,347.499
M47,M45,324.467
M47,M46,218.091
M47,M48,31.0
M47,M49,42.0
M47,M50,53.0
M47,M51,121.545
M47,M52,132.545
M47,M53,143.545
M47,M54,154.545
M47,M55,165.545
M47,M56,195.138
M47,M57,192.938
M47,M58,203.938
M47,M59,214.938
M47,M60,159.938
M47,M61,139.145
M47,M62,150.145
M47,M63,161.145
M47,M64,172.145
M47,M65,183.145
M47,M66,212.738
M47,M67,210.538
M47,M68,221.538
M47,M69,232.538
M47,M70,177.538
M47,M71,156.745
M47,M72,167.745
M47,M73,178.745
M47,M74,189.745
M47,M75,200.745
M47,M76,230.338
M47,M77,228.138
M47,M78,239.138
M47,M79,250.138
M47,M80,195.138
M47,M81,174.345
M47,M82,185.345
M47,M83,196.345
M47,M84,207.345
M47,M85,218.345
M47,M86,247.938
M47,M87,245.738
M47,M88,256.738
M47,M89,267.738
M47,M90,212.738
M47,M91,191.945
M47,M92,202.945
M47,M93,213.945
M47,M94,224.945
M47,M95,235.945
M47,M96,265.538
M47,M97,276.538
M47,M98,287.538
M47,M99,298.538
M47,M100,309.538
M48,M1,233.099
M48,M2,244.099
M48,M3,255.099
M48,M4,266.099
M48,M5,277.099
M48,M6,277.491
M48,M7,288.491
M48,M8,299.491
M48,M9,310.491
M48,M10,271.491
M48,M11,250.699
M48,M12,261.699
M48,M13,272.699
M48,M14,283.699
M48,M15,294.699
M48,M16,323.475
M48,M17,322.091
M48,M18,333.091
M48,M19,344.091
M48,M20,289.091
M48,M21,268.299
M48,M22,279.299
M48,M23,290.299
M48,M24,301.299
M48,M25,312.299
M48,M26,242.291
M48,M27,253.291
M48,M28,264.291
M48,M29,275.291
M48,M30,286.291
M48,M31,285.899
M48,M32,296.899
M48,M33,302.683
M48,M34,313.683
M48,M35,263.083
M48,M36,292.675
M48,M37,303.675
M48,M38,314.675
M48,M39,325.675
M48,M40,324.291
M48,M41,303.499
M48,M42,314.499
M48,M43,325.499
M48,M44,336.499
M48,M45,313.467
M48,M46,207.091
M48,M47,218.091
M48,M49,31.0
M48,M50,42.0
M48,M51,110.545
M48,M52,121.545
M48,M53,132.545
M48,M54,143.545
M48,M55,154.545
M48,M56,184.138
M48,M57,181.938
M48,M58,192.938
M48,M59,203.938
M48,M60,148.938
M48,M61,128.145
M48,M62,139.145
M48,M63,150.145
M48,M64,161.145
M48,M65,172.145
M48,M66,201.738
M48,M67,199.538
M48,M68,210.538
M48,M69,221.538
M48,M70,166.538
M48,M71,145.745
M48,M72,156.745
M48,M73,167.745
M48,M74,178.745
M48,M75,189.745
M48,M76,219.338
M48,M77,217.138
M48,M78,228.138
M48,M79,239.138
M48,M80,184.138
M48,M81,163.345
M48,M82,174.345
M48,M83,185.345
M48,M84,196.345
M48,M85,207.345
M48,M86,236.938
M48,M87,234.738
M48,M88,245.738
M48,M89,256.738
M48,M90,201.738
M48,M91,180.945
M48,M92,191.945
M48,M93,202.945
M48,M94,213.945
M48,M95,224.945
M48,M96,254.538
M48,M97,265.538
M48,M98,276.538
M48,M99,287.538
M48,M100,298.538
M49,M1,222.099
M49,M2,233.099
M49,M3,244.099
M49,M4,255.099
M49,M5,266.099
M49,M6,266.491
M49,M7,277.491
M49,M8,288.491
M49,M9,299.491
M49,M10,260.491
M49,M11,239.699
M49,M12,250.699
M49,M13,261.699
M49,M14,272.699
M49,M15,283.699
M49,M16,312.475
M49,M17,311.091
M49,M18,322.091
M49,M19,333.091
M49,M20,278.091
M49,M21,257.299
M49,M22,268.299
M49,M23,279.299
M49,M24,290.299
M49,M25,301.299
M49,M26,231.291
M49,M27,242.291
M49,M28,253.291
M49,M29,264.291
M49,M30,275.291
M49,M31,274.899
M49,M32,285.899
M49,M33,291.683
M49,M34,302.683
M49,M35,252.083
M49,M36,281.675
M49,M37,292.675
M49,M38,303.675
M49,M39,314.675
M49,M40,313.291
M49,M41,292.499
M49,M42,303.499
M49,M43,314.499
M49,M44,325.499
M49,M45,302.467
M49,M46,196.091
M49,M47,207.091
M49,M48,218.091
M49,M50,31.0
M49,M51,99.545
M49,M52,110.545
M49,M53,121.545
M49,M54,132.545
M49,M55,143.545
M49,M56,173.138
M49,M57,170.938
M49,M58,181.938
M49,M59,192.938
M49,M60,137.938
M49,M61,117.145
M49,M62,128.145
M49,M63,139.145
M49,M64,150.145
M49,M65,161.145
M49,M66,190.738
M49,M67,188.538
M49,M68,199.538
M49,M69,210.538
M49,M70,155.538
M49,M71,134.745
M49,M72,145.745
M49,M73,156.745
M49,M74,167.745
M49,M75,178.745
M49,M76,208.338
M49,M77,206.138
M49,M78,217.138
M49,M79,228.138
M49,M80,173.138
M49,M81,152.345
M49,M82,163.345
M49,M83,174.345
M49,M84,185.345
M49,M85,196.345
M49,M86,225.938
M49,M87,223.738
M49,M88,234.738
M49,M89,245.738
M49,M90,190.738
M49,M91,169.945
M49,M92,180.945
M49,M93,191.945
M49,M94,202.945
M49,M95,213.945
M49,M96,243.538
M49,M97,254.538
M49,M98,265.538
M49,M99,276.538
M49,M100,287.538
M50,M1,211.099
M50,M2,222.099
M50,M3,233.099
M50,M4,244.099
M50,M5,255.099
M50,M6,255.491
M50,M7,266.491
M50,M8,277.491
M50,M9,288.491
M50,M10,249.491
M50,M11,228.699
M50,M12,239.699
M50,M13,250.699
M50,M14,261.699
M50,M15,272.699
M50,M16,301.475
M50,M17,300.091
M50,M18,311.091
M50,M19,322.091
M50,M20,267.091
M50,M21,246.299
M50,M22,257.299
M50,M23,268.299
M50,M24,279.299
M50,M25,290.299
M50,M26,220.291
M50,M27,231.291
M50,M28,242.291
M50,M29,253.291
M50,M30,264.291
M50,M31,263.899
M50,M32,274.899
M50,M33,280.683
M50,M34,291.683
M50,M35,241.083
M50,M36,270.675
M50,M37,281.675
M50,M38,292.675
M50,M39,303.675
M50,M40,302.291
M50,M41,281.499
M50,M42,292.499
M50,M43,303.499
M50,M44,314.499
M50,M45,291.467
M50,M46,185.091
M50,M47,196.091
M50,M48,207.091
M50,M49,218.091
M50,M51,88.545
M50,M52,99.545
M50,M53,110.545
M50,M54,121.545
M50,M55,132.545
M50,M56,162.138
M50,M57,159.938
M50,M58,170.938
M50,M59,181.938
M50,M60,126.938
M50,M61,106.145
M50,M62,117.145
M50,M63,128.145
M50,M64,139.145
M50,M65,150.145
M50,M66,179.738
M50,M67,177.538
M50,M68,188.538
M50,M69,199.538
M50,M70,144.538
M50,M71,123.745
M50,M72,134.745
M50,M73,145.745
M50,M74,156.745
M50,M75,167.745
M50,M76,197.338
M50,M77,195.138
M50,M78,206.138
M50,M79,217.138
M50,M80,162.138
M50,M81,141.345
M50,M82,152.345
M50,M83,163.345
M50,M84,174.345
M50,M85,185.345
M50,M86,214.938
M50,M87,212.738
M50,M88,223.738
M50,M89,234.738
M50,M90,179.738
M50,M91,158.945
M50,M92,169.945
M50,M93,180.945
M50,M94,191.945
M50,M95,202.945
M50,M96,232.538
M50,M97,243.538
M50,M98,254.538
M50,M99,265.538
M50,M100,276.538
M51,M1,276.538
M51,M2,287.538
M51,M3,298.538
M51,M4,309.538
M51,M5,320.538
M51,M6,350.13
M51,M7,347.93
M51,M8,358.93
M51,M9,369.93
M51,M10,314.93
M51,M11,294.138
M51,M12,305.138
M51,M13,316.138
M51,M14,327.138
M51,M15,338.138
M51,M16,367.73
M51,M17,365.53
M51,M18,376.53
M51,M19,387.53
M51,M20,332.53
M51,M21,311.738
M51,M22,322.738
M51,M23,333.738
M51,M24,344.738
M51,M25,355.738
M51,M26,385.33
M51,M27,383.13
M51,M28,394.13
M51,M29,405.13
M51,M30,350.13
M51,M31,329.338
M51,M32,340.338
M51,M33,351.338
M51,M34,362.338
M51,M35,373.338
M51,M36,402.93
M51,M37,400.73
M51,M38,411.73
M51,M39,422.73
M51,M40,367.73
M51,M41,346.938
M51,M42,357.938
M51,M43,368.938
M51,M44,379.938
M51,M45,390.938
M51,M46,377.714
M51,M47,388.714
M51,M48,399.714
M51,M49,410.714
M51,M50,421.714
M51,M52,31.0
M51,M53,42.0
M51,M54,53.0
M51,M55,64.0
M51,M56,93.592
M51,M57,104.592
M51,M58,115.592
M51,M59,126.592
M51,M60,137.592
M51,M61,171.584
M51,M62,182.584
M51,M63,153.984
M51,M64,164.984
M51,M65,175.984
M51,M66,139.577
M51,M67,150.577
M51,M68,161.577
M51,M69,172.577
M51,M70,183.577
M51,M71,189.184
M51,M72,200.184
M51,M73,199.969
M51,M74,210.969
M51,M75,221.969
M51,M76,185.561
M51,M77,196.561
M51,M78,207.561
M51,M79,218.561
M51,M80,227.577
M51,M81,206.784
M51,M82,217.784
M51,M83,228.784
M51,M84,239.784
M51,M85,250.784
M51,M86,231.546
M51,M87,242.546
M51,M88,253.546
M51,M89,264.546
M51,M90,245.177
M51,M91,224.384
M51,M92,235.384
M51,M93,246.384
M51,M94,257.384
M51,M95,268.384
M51,M96,277.53
M51,M97,288.53
M51,M98,299.53
M51,M99,310.53
M51,M100,321.53
M52,M1,265.538
M52,M2,276.538
M52,M3,287.538
M52,M4,298.538
M52,M5,309.538
M52,M6,339.13
M52,M7,336.93
M52,M8,347.93
M52,M9,358.93
M52,M10,303.93
M52,M11,283.138
M52,M12,294.138
M52,M13,305.138
M52,M14,316.138
M52,M15,327.138
M52,M16,356.73
M52,M17,354.53
M52,M18,365.53
M52,M19,376.53
M52,M20,321.53
M52,M21,300.738
M52,M22,311.738
M52,M23,322.738
M52,M24,333.738
M52,M25,344.738
M52,M26,374.33
M52,M27,372.13
M52,M28,383.13
M52,M29,394.13
M52,M30,339.13
M52,M31,318.338
M52,M32,329.338
M52,M33,340.338
M52,M34,351.338
M52,M35,362.338
M52,M36,391.93
M52,M37,389.73
M52,M38,400.73
M52,M39,411.73
M52,M40,356.73
M52,M41,335.938
M52,M42,346.938
M52,M43,357.938
M52,M44,368.938
M52,M45,379.938
M52,M46,366.714
M52,M47,377.714
M52,M48,388.714
M52,M49,399.714
M52,M50,410.714
M52,M51,281.675
M52,M53,31.0
M52,M54,42.0
M52,M55,53.0
M52,M56,82.592
M52,M57,93.592
M52,M58,104.592
M52,M59,115.592
M52,M60,126.592
M52,M61,160.584
M52,M62,171.584
M52,M63,142.984
M52,M64,153.984
M52,M65,164.984
M52,M66,128.577
M52,M67,139.577
M52,M68,150.577
M52,M69,161.577
M52,M70,172.577
M52,M71,178.184
M52,M72,189.184
M52,M73,188.969
M52,M74,199.969
M52,M75,210.969
M52,M76,174.561
M52,M77,185.561
M52,M78,196.561
M52,M79,207.561
M52,M80,216.577
M52,M81,195.784
M52,M82,206.784
M52,M83,217.784
M52,M84,228.784
M52,M85,239.784
M52,M86,220.546
M52,M87,231.546
M52,M88,242.546
M52,M89,253.546
M52,M90,234.177
M52,M91,213.384
M52,M92,224.384
M52,M93,235.384
M52,M94,246.384
M52,M95,257.384
M52,M96,266.53
M52,M97,277.53
M52,M98,288.53
M52,M99,299.53
M52,M100,310.53
M53,M1,254.538
M53,M2,265.538
M53,M3,276.538
M53,M4,287.538
M53,M5,298.538
M53,M6,328.13
M53,M7,325.93
M53,M8,336.93
M53,M9,347.93
M53,M10,292.93
M53,M11,272.138
M53,M12,283.138
M53,M13,294.138
M53,M14,305.138
M53,M15,316.138
M53,M16,345.73
M53,M17,343.53
M53,M18,354.53
M53,M19,365.53
M53,M20,310.53
M53,M21,289.738
M53,M22,300.738
M53,M23,311.738
M53,M24,322.738
M53,M25,333.738
M53,M26,363.33
M53,M27,361.13
M53,M28,372.13
M53,M29,383.13
M53,M30,328.13
M53,M31,307.338
M53,M32,318.338
M53,M33,329.338
M53,M34,340.338
M53,M35,351.338
M53,M36,380.93
M53,M37,378.73
M53,M38,389.73
M53,M39,400.73
M53,M40,345.73
M53,M41,324.938
M53,M42,335.938
M53,M43,346.938
M53,M44,357.938
M53,M45,368.938
M53,M46,355.714
M53,M47,366.714
M53,M48,377.714
M53,M49,388.714
M53,M50,399.714
M53,M51,270.675
M53,M52,281.675
M53,M54,31.0
M53,M55,42.0
M53,M56,71.592
M53,M57,82.592
M53,M58,93.592
M53,M59,104.592
M53,M60,115.592
M53,M61,149.584
M53,M62,160.584
M53,M63,131.984
M53,M64,142.984
M53,M65,153.984
M53,M66,117.577
M53,M67,128.577
M53,M68,139.577
M53,M69,150.577
M53,M70,161.577
M53,M71,167.184
M53,M72,178.184
M53,M73,177.969
M53,M74,188.969
M53,M75,199.969
M53,M76,163.561
M53,M77,174.561
M53,M78,185.561
M53,M79,196.561
M53,M80,205.577
M53,M81,184.784
M53,M82,195.784
M53,M83,206.784
M53,M84,217.784
M53,M85,228.784
M53,M86,209.546
M53,M87,220.546
M53,M88,231.546
M53,M89,242.546
M53,M90,223.177
M53,M91,202.384
M53,M92,213.384
M53,M93,224.384
M53,M94,235.384
M53,M95,246.384
M53,M96,255.53
M53,M97,266.53
M53,M98,277.53
M53,M99,288.53
M53,M100,299.53
M54,M1,243.538
M54,M2,254.538
M54,M3,265.538
M54,M4,276.538
M54,M5,287.538
M54,M6,317.13
M54,M7,314.93
M54,M8,325.93
M54,M9,336.93
M54,M10,281.93
M54,M11,261.138
M54,M12,272.138
M54,M13,283.138
M54,M14,294.138
M54,M15,305.138
M54,M16,334.73
M54,M17,332.53
M54,M18,343.53
M54,M19,354.53
M54,M20,299.53
M54,M21,278.738
M54,M22,289.738
M54,M23,300.738
M54,M24,311.738
M54,M25,322.738
M54,M26,352.33
M54,M27,350.13
M54,M28,361.13
M54,M29,372.13
M54,M30,317.13
M54,M31,296.338
M54,M32,307.338
M54,M33,318.338
M54,M34,329.338
M54,M35,340.338
M54,M36,369.93
M54,M37,367.73
M54,M38,378.73
M54,M39,389.73
M54,M40,334.73
M54,M41,313.938
M54,M42,324.938
M54,M43,335.938
M54,M44,346.938
M54,M45,357.938
M54,M46,344.714
M54,M47,355.714
M54,M48,366.714
M54,M49,377.714
M54,M50,388.714
M54,M51,259.675
M54,M52,270.675
M54,M53,281.675
M54,M55,31.0
M54,M56,60.592
M54,M57,71.592
M54,M58,82.592
M54,M59,93.592
M54,M60,104.592
M54,M61,138.584
M54,M62,149.584
M54,M63,120.984
M54,M64,131.984
M54,M65,142.984
M54,M66,106.577
M54,M67,117.577
M54,M68,128.577
M54,M69,139.577
M54,M70,150.577
M54,M71,156.184
M54,M72,167.184
M54,M73,166.969
M54,M74,177.969
M54,M75,188.969
M54,M76,152.561
M54,M77,163.561
M54,M78,174.561
M54,M79,185.561
M54,M80,194.577
M54,M81,173.784
M54,M82,184.784
M54,M83,195.784
M54,M84,206.784
M54,M85,217.784
M54,M86,198.546
M54,M87,209.546
M54,M88,220.546
M54,M89,231.546
M54,M90,212.177
M54,M91,191.384
M54,M92,202.384
M54,M93,213.384
M54,M94,224.384
M54,M95,235.384
M54,M96,244.53
M54,M97,255.53
M54,M98,266.53
M54,M99,277.53
M54,M100,288.53
M55,M1,232.538
M55,M2,243.538
M55,M3,254.538
M55,M4,265.538
M55,M5,276.538
M55,M6,306.13
M55,M7,303.93
M55,M8,314.93
M55,M9,325.93
M55,M10,270.93
M55,M11,250.138
M55,M12,261.138
M55,M13,272.138
M55,M14,283.138
M55,M15,294.138
M55,M16,323.73
M55,M17,321.53
M55,M18,332.53
M55,M19,343.53
M55,M20,288.53
M55,M21,267.738
M55,M22,278.738
M55,M23,289.738
M55,M24,300.738
M55,M25,311.738
M55,M26,341.33
M55,M27,339.13
M55,M28,350.13
M55,M29,361.13
M55,M30,306.13
M55,M31,285.338
M55,M32,296.338
M55,M33,307.338
M55,M34,318.338
M55,M35,329.338
M55,M36,358.93
M55,M37,356.73
M55,M38,367.73
M55,M39,378.73
M55,M40,323.73
M55,M41,302.938
M55,M42,313.938
M55,M43,324.938
M55,M44,335.938
M55,M45,346.938
M55,M46,333.714
M55,M47,344.714
M55,M48,355.714
M55,M49,366.714
M55,M50,377.714
M55,M51,248.675
M55,M52,259.675
M55,M53,270.675
M55,M54,281.675
M55,M56,49.592
M55,M57,60.592
M55,M58,71.592
M55,M59,82.592
M55,M60,93.592
M55,M61,127.584
M55,M62,138.584
M55,M63,109.984
M55,M64,120.984
M55,M65,131.984
M55,M66,95.577
M55,M67,106.577
M55,M68,117.577
M55,M69,128.577
M55,M70,139.577
M55,M71,145.184
M55,M72,156.184
M55,M73,155.969
M55,M74,166.969
M55,M75,177.969
M55,M76,141.561
M55,M77,152.561
M55,M78,163.561
M55,M79,174.561
M55,M80,183.577
M55,M81,162.784
M55,M82,173.784
M55,M83,184.784
M55,M84,195.784
M55,M85,206.784
M55,M86,187.546
M55,M87,198.546
M55,M88,209.546
M55,M89,220.546
M55,M90,201.177
M55,M91,180.384
M55,M92,191.384
M55,M93,202.384
M55,M94,213.384
M55,M95,224.384
M55,M96,233.53
M55,M97,244.53
M55,M98,255.53
M55,M99,266.53
M55,M100,277.53
M56,M1,202.945
M56,M2,213.945
M56,M3,224.945
M56,M4,235.945
M56,M5,246.945
M56,M6,276.538
M56,M7,274.338
M56,M8,285.338
M56,M9,296.338
M56,M10,241.338
M56,M11,220.545
M56,M12,231.545
M56,M13,242.545
M56,M14,253.545
M56,M15,264.545
M56,M16,294.138
M56,M17,291.938
M56,M18,302.938
M56,M19,313.938
M56,M20,258.938
M56,M21,238.145
M56,M22,249.145
M56,M23,260.145
M56,M24,271.145
M56,M25,282.145
M56,M26,311.738
M56,M27,309.538
M56,M28,320.538
M56,M29,331.538
M56,M30,276.538
M56,M31,255.745
M56,M32,266.745
M56,M33,277.745
M56,M34,288.745
M56,M35,299.745
M56,M36,329.338
M56,M37,327.138
M56,M38,338.138
M56,M39,349.138
M56,M40,294.138
M56,M41,273.345
M56,M42,284.345
M56,M43,295.345
M56,M44,306.345
M56,M45,317.345
M56,M46,346.938
M56,M47,357.938
M56,M48,368.938
M56,M49,379.938
M56,M50,390.938
M56,M51,285.083
M56,M52,296.083
M56,M53,307.083
M56,M54,318.083
M56,M55,329.083
M56,M57,31.0
M56,M58,42.0
M56,M59,53.0
M56,M60,64.0
M56,M61,97.992
M56,M62,108.992
M56,M63,80.392
M56,M64,91.392
M56,M65,102.392
M56,M66,131.984
M56,M67,142.984
M56,M68,153.984
M56,M69,164.984
M56,M70,136.384
M56,M71,115.592
M56,M72,126.592
M56,M73,137.592
M56,M74,148.592
M56,M75,159.592
M56,M76,177.969
M56,M77,186.984
M56,M78,197.984
M56,M79,208.984
M56,M80,153.984
M56,M81,133.192
M56,M82,144.192
M56,M83,155.192
M56,M84,166.192
M56,M85,177.192
M56,M86,206.784
M56,M87,204.584
M56,M88,215.584
M56,M89,226.584
M56,M90,171.584
M56,M91,150.792
M56,M92,161.792
M56,M93,172.792
M56,M94,183.792
M56,M95,194.792
M56,M96,224.384
M56,M97,235.384
M56,M98,246.384
M56,M99,257.384
M56,M100,268.384
M57,M1,191.945
M57,M2,202.945
M57,M3,213.945
M57,M4,224.945
M57,M5,235.945
M57,M6,265.538
M57,M7,263.338
M57,M8,274.338
M57,M9,285.338
M57,M10,230.338
M57,M11,209.545
M57,M12,220.545
M57,M13,231.545
M57,M14,242.545
M57,M15,253.545
M57,M16,283.138
M57,M17,280.938
M57,M18,291.938
M57,M19,302.938
M57,M20,247.938
M57,M21,227.145
M57,M22,238.145
M57,M23,249.145
M57,M24,260.145
M57,M25,271.145
M57,M26,300.738
M57,M27,298.538
M57,M28,309.538
M57,M29,320.538
M57,M30,265.538
M57,M31,244.745
M57,M32,255.745
M57,M33,266.745
M57,M34,277.745
M57,M35,288.745
M57,M36,318.338
M57,M37,316.138
M57,M38,327.138
M57,M39,338.138
M57,M40,283.138
M57,M41,262.345
M57,M42,273.345
M57,M43,284.345
M57,M44,295.345
M57,M45,306.345
M57,M46,335.938
M57,M47,346.938
M57,M48,357.938
M57,M49,368.938
M57,M50,379.938
M57,M51,274.083
M57,M52,285.083
M57,M53,296.083
M57,M54,307.083
M57,M55,318.083
M57,M56,161.93
M57,M58,31.0
M57,M59,42.0
M57,M60,53.0
M57,M61,86.992
M57,M62,97.992
M57,M63,69.392
M57,M64,80.392
M57,M65,91.392
M57,M66,120.984
M57,M67,131.984
M57,M68,142.984
M57,M69,153.984
M57,M70,125.384
M57,M71,104.592
M57,M72,115.592
M57,M73,126.592
M57,M74,137.592
M57,M75,148.592
M57,M76,166.969
M57,M77,175.984
M57,M78,186.984
M57,M79,197.984
M57,M80,142.984
M57,M81,122.192
M57,M82,133.192
M57,M83,144.192
M57,M84,155.192
M57,M85,166.192
M57,M86,195.784
M57,M87,193.584
M57,M88,204.584
M57,M89,215.584
M57,M90,160.584
M57,M91,139.792
M57,M92,150.792
M57,M93,161.792
M57,M94,172.792
M57,M95,183.792
M57,M96,213.384
M57,M97,224.384
M57,M98,235.384
M57,M99,246.384
M57,M100,257.384
M58,M1,180.945
M58,M2,191.945
M58,M3,202.945
M58,M4,213.945
M58,M5,224.945
M58,M6,254.538
M58,M7,252.338
M58,M8,263.338
M58,M9,274.338
M58,M10,219.338
M58,M11,198.545
M58,M12,209.545
M58,M13,220.545
M58,M14,231.545
M58,M15,242.545
M58,M16,272.138
M58,M17,269.938
M58,M18,280.938
M58,M19,291.938
M58,M20,236.938
M58,M21,216.145
M58,M22,227.145
M58,M23,238.145
M58,M24,249.145
M58,M25,260.145
M58,M26,289.738
M58,M27,287.538
M58,M28,298.538
M58,M29,309.538
M58,M30,254.538
M58,M31,233.745
M58,M32,244.745
M58,M33,255.745
M58,M34,266.745
M58,M35,277.745
M58,M36,307.338
M58,M37,305.138
M58,M38,316.138
M58,M39,327.138
M58,M40,272.138
M58,M41,251.345
M58,M42,262.345
M58,M43,273.345
M58,M44,284.345
M58,M45,295.345
M58,M46,324.938
M58,M47,335.938
M58,M48,346.938
M58,M49,357.938
M58,M50,368.938
M58,M51,263.083
M58,M52,274.083
M58,M53,285.083
M58,M54,296.083
M58,M55,307.083
M58,M56,150.93
M58,M57,90.184
M58,M59,31.0
M58,M60,42.0
M58,M61,75.992
M58,M62,86.992
M58,M63,58.392
M58,M64,69.392
M58,M65,80.392
M58,M66,109.984
M58,M67,120.984
M58,M68,131.984
M58,M69,142.984
M58,M70,114.384
M58,M71,93.592
M58,M72,104.592
M58,M73,115.592
M58,M74,126.592
M58,M75,137.592
M58,M76,155.969
M58,M77,164.984
M58,M78,175.984
M58,M79,186.984
M58,M80,131.984
M58,M81,111.192
M58,M82,122.192
M58,M83,133.192
M58,M84,144.192
M58,M85,155.192
M58,M86,184.784
M58,M87,182.584
M58,M88,193.584
M58,M89,204.584
M58,M90,149.584
M58,M91,128.792
M58,M92,139.792
M58,M93,150.792
M58,M94,161.792
M58,M95,172.792
M58,M96,202.384
M58,M97,213.384
M58,M98,224.384
M58,M99,235.384
M58,M100,246.384
M59,M1,169.945
M59,M2,180.945
M59,M3,191.945
M59,M4,202.945
M59,M5,213.945
M59,M6,243.538
M59,M7,241.338
M59,M8,252.338
M59,M9,263.338
M59,M10,208.338
M59,M11,187.545
M59,M12,198.545
M59,M13,209.545
M59,M14,220.545
M59,M15,231.545
M59,M16,261.138
M59,M17,258.938
M59,M18,269.938
M59,M19,280.938
M59,M20,225.938
M59,M21,205.145
M59,M22,216.145
M59,M23,227.145
M59,M24,238.145
M59,M25,249.145
M59,M26,278.738
M59,M27,276.538
M59,M28,287.538
M59,M29,298.538
M59,M30,243.538
M59,M31,222.745
M59,M32,233.745
M59,M33,244.745
M59,M34,255.745
M59,M35,266.745
M59,M36,296.338
M59,M37,294.138
M59,M38,305.138
M59,M39,316.138
M59,M40,261.138
M59,M41,240.345
M59,M42,251.345
M59,M43,262.345
M59,M44,273.345
M59,M45,284.345
M59,M46,313.938
M59,M47,324.938
M59,M48,335.938
M59,M49,346.938
M59,M50,357.938
M59,M51,291.683
M59,M52,302.683
M59,M53,313.683
M59,M54,324.683
M59,M55,335.683
M59,M56,179.53
M59,M57,118.784
M59,M58,129.784
M59,M60,31.0
M59,M61,64.992
M59,M62,75.992
M59,M63,86.992
M59,M64,97.992
M59,M65,108.992
M59,M66,138.584
M59,M67,136.384
M59,M68,147.384
M59,M69,158.384
M59,M70,103.384
M59,M71,82.592
M59,M72,93.592
M59,M73,104.592
M59,M74,115.592
M59,M75,126.592
M59,M76,156.184
M59,M77,153.984
M59,M78,164.984
M59,M79,175.984
M59,M80,120.984
M59,M81,100.192
M59,M82,111.192
M59,M83,122.192
M59,M84,133.192
M59,M85,144.192
M59,M86,173.784
M59,M87,171.584
M59,M88,182.584
M59,M89,193.584
M59,M90,138.584
M59,M91,117.792
M59,M92,128.792
M59,M93,139.792
M59,M94,150.792
M59,M95,161.792
M59,M96,191.384
M59,M97,202.384
M59,M98,213.384
M59,M99,224.384
M59,M100,235.384
M60,M1,158.945
M60,M2,169.945
M60,M3,180.945
M60,M4,191.945
M60,M5,202.945
M60,M6,232.538
M60,M7,230.338
M60,M8,241.338
M60,M9,252.338
M60,M10,197.338
M60,M11,176.545
M60,M12,187.545
M60,M13,198.545
M60,M14,209.545
M60,M15,220.545
M60,M16,250.138
M60,M17,247.938
M60,M18,258.938
M60,M19,269.938
M60,M20,214.938
M60,M21,194.145
M60,M22,205.145
M60,M23,216.145
M60,M24,227.145
M60,M25,238.145
M60,M26,267.738
M60,M27,265.538
M60,M28,276.538
M60,M29,287.538
M60,M30,232.538
M60,M31,211.745
M60,M32,222.745
M60,M33,233.745
M60,M34,244.745
M60,M35,255.745
M60,M36,285.338
M60,M37,283.138
M60,M38,294.138
M60,M39,305.138
M60,M40,250.138
M60,M41,229.345
M60,M42,240.345
M60,M43,251.345
M60,M44,262.345
M60,M45,273.345
M60,M46,302.938
M60,M47,313.938
M60,M48,324.938
M60,M49,335.938
M60,M50,346.938
M60,M51,280.683
M60,M52,291.683
M60,M53,302.683
M60,M54,313.683
M60,M55,324.683
M60,M56,168.53
M60,M57,107.784
M60,M58,118.784
M60,M59,129.784
M60,M61,53.992
M60,M62,64.992
M60,M63,75.992
M60,M64,86.992
M60,M65,97.992
M60,M66,127.584
M60,M67,125.384
M60,M68,136.384
M60,M69,147.384
M60,M70,92.384
M60,M71,71.592
M60,M72,82.592
M60,M73,93.592
M60,M74,104.592
M60,M75,115.592
M60,M76,145.184
M60,M77,142.984
M60,M78,153.984
M60,M79,164.984
M60,M80,109.984
M60,M81,89.192
M60,M82,100.192
M60,M83,111.192
M60,M84,122.192
M60,M85,133.192
M60,M86,162.784
M60,M87,160.584
M60,M88,171.584
M60,M89,182.584
M60,M90,127.584
M60,M91,106.792
M60,M92,117.792
M60,M93,128.792
M60,M94,139.792
M60,M95,150.792
M60,M96,180.384
M60,M97,191.384
M60,M98,202.384
M60,M99,213.384
M60,M100,224.384
M61,M1,179.738
M61,M2,190.738
M61,M3,201.738
M61,M4,212.738
M61,M5,223.738
M61,M6,253.33
M61,M7,251.13
M61,M8,262.13
M61,M9,273.13
M61,M10,218.13
M61,M11,197.338
M61,M12,208.338
M61,M13,219.338
M61,M14,230.338
M61,M15,241.338
M61,M16,270.93
M61,M17,268.73
M61,M18,279.73
M61,M19,290.73
M61,M20,235.73
M61,M21,214.938
M61,M22,225.938
M61,M23,236.938
M61,M24,247.938
M61,M25,258.938
M61,M26,288.53
M61,M27,286.33
M61,M28,297.33
M61,M29,308.33
M61,M30,253.33
M61,M31,232.538
M61,M32,243.538
M61,M33,254.538
M61,M34,265.538
M61,M35,276.538
M61,M36,306.13
M61,M37,303.93
M61,M38,314.93
M61,M39,325.93
M61,M40,270.93
M61,M41,250.138
M61,M42,261.138
M61,M43,272.138
M61,M44,283.138
M61,M45,294.138
M61,M46,323.73
M61,M47,334.73
M61,M48,345.73
M61,M49,356.73
M61,M50,367.73
M61,M51,246.691
M61,M52,257.691
M61,M53,268.691
M61,M54,279.691
M61,M55,290.691
M61,M56,134.538
M61,M57,73.792
M61,M58,84.792
M61,M59,95.792
M61,M60,40.792
M61,M62,31.0
M61,M63,42.0
M61,M64,53.0
M61,M65,64.0
M61,M66,93.592
M61,M67,104.592
M61,M68,115.592
M61,M69,126.592
M61,M70,113.177
M61,M71,92.384
M61,M72,103.384
M61,M73,114.384
M61,M74,125.384
M61,M75,136.384
M61,M76,139.577
M61,M77,150.577
M61,M78,161.577
M61,M79,172.577
M61,M80,130.777
M61,M81,109.984
M61,M82,120.984
M61,M83,131.984
M61,M84,142.984
M61,M85,153.984
M61,M86,183.577
M61,M87,181.377
M61,M88,192.377
M61,M89,203.377
M61,M90,148.377
M61,M91,127.584
M61,M92,138.584
M61,M93,149.584
M61,M94,160.584
M61,M95,171.584
M61,M96,201.177
M61,M97,212.177
M61,M98,223.177
M61,M99,234.177
M61,M100,245.177
M62,M1,234.738
M62,M2,245.738
M62,M3,256.738
M62,M4,267.738
M62,M5,278.738
M62,M6,308.33
M62,M7,306.13
M62,M8,317.13
M62,M9,328.13
M62,M10,273.13
M62,M11,252.338
M62,M12,263.338
M62,M13,274.338
M62,M14,285.338
M62,M15,296.338
M62,M16,325.93
M62,M17,323.73
M62,M18,334.73
M62,M19,345.73
M62,M20,290.73
M62,M21,269.938
M62,M22,280.938
M62,M23,291.938
M62,M24,302.938
M62,M25,313.938
M62,M26,343.53
M62,M27,341.33
M62,M28,352.33
M62,M29,363.33
M62,M30,308.33
M62,M31,287.538
M62,M32,298.538
M62,M33,309.538
M62,M34,320.538
M62,M35,331.538
M62,M36,361.13
M62,M37,358.93
M62,M38,369.93
M62,M39,380.93
M62,M40,325.93
M62,M41,305.138
M62,M42,316.138
M62,M43,327.138
M62,M44,338.138
M62,M45,349.138
M62,M46,320.73
M62,M47,331.73
M62,M48,342.73
M62,M49,353.73
M62,M50,364.73
M62,M51,235.691
M62,M52,246.691
M62,M53,257.691
M62,M54,268.691
M62,M55,279.691
M62,M56,123.538
M62,M57,62.792
M62,M58,73.792
M62,M59,84.792
M62,M60,95.792
M62,M61,129.784
M62,M63,31.0
M62,M64,42.0
M62,M65,53.0
M62,M66,82.592
M62,M67,93.592
M62,M68,104.592
M62,M69,115.592
M62,M70,126.592
M62,M71,147.384
M62,M72,158.384
M62,M73,142.984
M62,M74,153.984
M62,M75,164.984
M62,M76,128.577
M62,M77,139.577
M62,M78,150.577
M62,M79,161.577
M62,M80,172.577
M62,M81,164.984
M62,M82,175.984
M62,M83,186.984
M62,M84,197.984
M62,M85,208.984
M62,M86,174.561
M62,M87,185.561
M62,M88,196.561
M62,M89,207.561
M62,M90,203.377
M62,M91,182.584
M62,M92,193.584
M62,M93,204.584
M62,M94,215.584
M62,M95,226.584
M62,M96,220.546
M62,M97,231.546
M62,M98,242.546
M62,M99,253.546
M62,M100,264.546
M63,M1,223.738
M63,M2,234.738
M63,M3,245.738
M63,M4,256.738
M63,M5,267.738
M63,M6,297.33
M63,M7,295.13
M63,M8,306.13
M63,M9,317.13
M63,M10,262.13
M63,M11,241.338
M63,M12,252.338
M63,M13,263.338
M63,M14,274.338
M63,M15,285.338
M63,M16,314.93
M63,M17,312.73
M63,M18,323.73
M63,M19,334.73
M63,M20,279.73
M63,M21,258.938
M63,M22,269.938
M63,M23,280.938
M63,M24,291.938
M63,M25,302.938
M63,M26,332.53
M63,M27,330.33
M63,M28,341.33
M63,M29,352.33
M63,M30,297.33
M63,M31,276.538
M63,M32,287.538
M63,M33,298.538
M63,M34,309.538
M63,M35,320.538
M63,M36,350.13
M63,M37,347.93
M63,M38,358.93
M63,M39,369.93
M63,M40,314.93
M63,M41,294.138
M63,M42,305.138
M63,M43,316.138
M63,M44,327.138
M63,M45,338.138
M63,M46,309.73
M63,M47,320.73
M63,M48,331.73
M63,M49,342.73
M63,M50,353.73
M63,M51,224.691
M63,M52,235.691
M63,M53,246.691
M63,M54,257.691
M63,M55,268.691
M63,M56,112.538
M63,M57,51.792
M63,M58,62.792
M63,M59,73.792
M63,M60,84.792
M63,M61,118.784
M63,M62,129.784
M63,M64,31.0
M63,M65,42.0
M63,M66,71.592
M63,M67,82.592
M63,M68,93.592
M63,M69,104.592
M63,M70,115.592
M63,M71,136.384
M63,M72,147.384
M63,M73,131.984
M63,M74,142.984
M63,M75,153.984
M63,M76,117.577
M63,M77,128.577
M63,M78,139.577
M63,M79,150.577
M63,M80,161.577
M63,M81,153.984
M63,M82,164.984
M63,M83,175.984
M63,M84,186.984
M63,M85,197.984
M63,M86,163.561
M63,M87,174.561
M63,M88,185.561
M63,M89,196.561
M63,M90,192.377
M63,M91,171.584
M63,M92,182.584
M63,M93,193.584
M63,M94,204.584
M63,M95,215.584
M63,M96,209.546
M63,M97,220.546
M63,M98,231.546
M63,M99,242.546
M63,M100,253.546
M64,M1,212.738
M64,M2,223.738
M64,M3,234.738
M64,M4,245.738
M64,M5,256.738
M64,M6,286.33
M64,M7,284.13
M64,M8,295.13
M64,M9,306.13
M64,M10,251.13
M64,M11,230.338
M64,M12,241.338
M64,M13,252.338
M64,M14,263.338
M64,M15,274.338
M64,M16,303.93
M64,M17,301.73
M64,M18,312.73
M64,M19,323.73
M64,M20,268.73
M64,M21,247.938
M64,M22,258.938
M64,M23,269.938
M64,M24,280.938
M64,M25,291.938
M64,M26,321.53
M64,M27,319.33
M64,M28,330.33
M64,M29,341.33
M64,M30,286.33
M64,M31,265.538
M64,M32,276.538
M64,M33,287.538
M64,M34,298.538
M64,M35,309.538
M64,M36,339.13
M64,M37,336.93
M64,M38,347.93
M64,M39,358.93
M64,M40,303.93
M64,M41,283.138
M64,M42,294.138
M64,M43,305.138
M64,M44,316.138
M64,M45,327.138
M64,M46,298.73
M64,M47,309.73
M64,M48,320.73
M64,M49,331.73
M64,M50,342.73
M64,M51,213.691
M64,M52,224.691
M64,M53,235.691
M64,M54,246.691
M64,M55,257.691
M64,M56,101.538
M64,M57,40.792
M64,M58,51.792
M64,M59,62.792
M64,M60,73.792
M64,M61,107.784
M64,M62,118.784
M64,M63,90.184
M64,M65,31.0
M64,M66,60.592
M64,M67,71.592
M64,M68,82.592
M64,M69,93.592
M64,M70,104.592
M64,M71,125.384
M64,M72,136.384
M64,M73,120.984
M64,M74,131.984
M64,M75,142.984
M64,M76,106.577
M64,M77,117.577
M64,M78,128.577
M64,M79,139.577
M64,M80,150.577
M64,M81,142.984
M64,M82,153.984
M64,M83,164.984
M64,M84,175.984
M64,M85,186.984
M64,M86,152.561
M64,M87,163.561
M64,M88,174.561
M64,M89,185.561
M64,M90,181.377
M64,M91,160.584
M64,M92,171.584
M64,M93,182.584
M64,M94,193.584
M64,M95,204.584
M64,M96,198.546
M64,M97,209.546
M64,M98,220.546
M64,M99,231.546
M64,M100,242.546
M65,M1,214.938
M65,M2,225.938
M65,M3,236.938
M65,M4,247.938
M65,M5,258.938
M65,M6,288.53
M65,M7,286.33
M65,M8,297.33
M65,M9,308.33
M65,M10,253.33
M65,M11,232.538
M65,M12,243.538
M65,M13,254.538
M65,M14,265.538
M65,M15,276.538
M65,M16,306.13
M65,M17,303.93
M65,M18,314.93
M65,M19,325.93
M65,M20,270.93
M65,M21,250.138
M65,M22,261.138
M65,M23,272.138
M65,M24,283.138
M65,M25,294.138
M65,M26,322.93
M65,M27,321.53
M65,M28,332.53
M65,M29,343.53
M65,M30,288.53
M65,M31,267.738
M65,M32,278.738
M65,M33,289.738
M65,M34,300.738
M65,M35,311.738
M65,M36,341.33
M65,M37,339.13
M65,M38,350.13
M65,M39,361.13
M65,M40,306.13
M65,M41,285.338
M65,M42,296.338
M65,M43,307.338
M65,M44,318.338
M65,M45,329.338
M65,M46,287.73
M65,M47,298.73
M65,M48,309.73
M65,M49,320.73
M65,M50,331.73
M65,M51,202.691
M65,M52,213.691
M65,M53,224.691
M65,M54,235.691
M65,M55,246.691
M65,M56,90.538
M65,M57,101.538
M65,M58,112.538
M65,M59,123.538
M65,M60,134.538
M65,M61,168.53
M65,M62,179.53
M65,M63,150.93
M65,M64,161.93
M65,M66,49.592
M65,M67,60.592
M65,M68,71.592
M65,M69,82.592
M65,M70,93.592
M65,M71,127.584
M65,M72,138.584
M65,M73,109.984
M65,M74,120.984
M65,M75,131.984
M65,M76,95.577
M65,M77,106.577
M65,M78,117.577
M65,M79,128.577
M65,M80,139.577
M65,M81,145.184
M65,M82,156.184
M65,M83,155.969
M65,M84,166.969
M65,M85,177.969
M65,M86,141.561
M65,M87,152.561
M65,M88,163.561
M65,M89,174.561
M65,M90,183.577
M65,M91,162.784
M65,M92,173.784
M65,M93,184.784
M65,M94,195.784
M65,M95,206.784
M65,M96,187.546
M65,M97,198.546
M65,M98,209.546
M65,M99,220.546
M65,M100,231.546
M66,M1,185.345
M66,M2,196.345
M66,M3,207.345
M66,M4,218.345
M66,M5,229.345
M66,M6,258.938
M66,M7,256.738
M66,M8,267.738
M66,M9,278.738
M66,M10,223.738
M66,M11,202.945
M66,M12,213.945
M66,M13,224.945
M66,M14,235.945
M66,M15,246.945
M66,M16,276.538
M66,M17,274.338
M66,M18,285.338
M66,M19,296.338
M66,M20,241.338
M66,M21,220.545
M66,M22,231.545
M66,M23,242.545
M66,M24,253.545
M66,M25,264.545
M66,M26,294.138
M66,M27,291.938
M66,M28,302.938
M66,M29,313.938
M66,M30,258.938
M66,M31,238.145
M66,M32,249.145
M66,M33,260.145
M66,M34,271.145
M66,M35,282.145
M66,M36,311.738
M66,M37,309.538
M66,M38,320.538
M66,M39,331.538
M66,M40,276.538
M66,M41,255.745
M66,M42,266.745
M66,M43,277.745
M66,M44,288.745
M66,M45,299.745
M66,M46,329.338
M66,M47,340.338
M66,M48,351.338
M66,M49,362.338
M66,M50,373.338
M66,M51,307.899
M66,M52,318.899
M66,M53,329.899
M66,M54,340.899
M66,M55,351.899
M66,M56,254.114
M66,M57,265.114
M66,M58,276.114
M66,M59,287.114
M66,M60,298.114
M66,M61,325.499
M66,M62,336.499
M66,M63,314.507
M66,M64,325.507
M66,M65,336.507
M66,M67,31.0
M66,M68,42.0
M66,M69,53.0
M66,M70,64.0
M66,M71,97.992
M66,M72,108.992
M66,M73,80.392
M66,M74,91.392
M66,M75,102.392
M66,M76,131.984
M66,M77,142.984
M66,M78,153.984
M66,M79,164.984
M66,M80,136.384
M66,M81,115.592
M66,M82,126.592
M66,M83,137.592
M66,M84,148.592
M66,M85,159.592
M66,M86,177.969
M66,M87,186.984
M66,M88,197.984
M66,M89,208.984
M66,M90,153.984
M66,M91,133.192
M66,M92,144.192
M66,M93,155.192
M66,M94,166.192
M66,M95,177.192
M66,M96,206.784
M66,M97,217.784
M66,M98,228.784
M66,M99,239.784
M66,M100,250.784
M67,M1,174.345
M67,M2,185.345
M67,M3,196.345
M67,M4,207.345
M67,M5,218.345
M67,M6,247.938
M67,M7,245.738
M67,M8,256.738
M67,M9,267.738
M67,M10,212.738
M67,M11,191.945
M67,M12,202.945
M67,M13,213.945
M67,M14,224.945
M67,M15,235.945
M67,M16,265.538
M67,M17,263.338
M67,M18,274.338
M67,M19,285.338
M67,M20,230.338
M67,M21,209.545
M67,M22,220.545
M67,M23,231.545
M67,M24,242.545
M67,M25,253.545
M67,M26,283.138
M67,M27,280.938
M67,M28,291.938
M67,M29,302.938
M67,M30,247.938
M67,M31,227.145
M67,M32,238.145
M67,M33,249.145
M67,M34,260.145
M67,M35,271.145
M67,M36,300.738
M67,M37,298.538
M67,M38,309.538
M67,M39,320.538
M67,M40,265.538
M67,M41,244.745
M67,M42,255.745
M67,M43,266.745
M67,M44,277.745
M67,M45,288.745
M67,M46,318.338
M67,M47,329.338
M67,M48,340.338
M67,M49,351.338
M67,M50,362.338
M67,M51,296.899
M67,M52,307.899
M67,M53,318.899
M67,M54,329.899
M67,M55,340.899
M67,M56,243.114
M67,M57,254.114
M67,M58,265.114
M67,M59,276.114
M67,M60,287.114
M67,M61,314.499
M67,M62,325.499
M67,M63,303.507
M67,M64,314.507
M67,M65,325.507
M67,M66,289.099
M67,M68,31.0
M67,M69,42.0
M67,M70,53.0
M67,M71,86.992
M67,M72,97.992
M67,M73,69.392
M67,M74,80.392
M67,M75,91.392
M67,M76,120.984
M67,M77,131.984
M67,M78,142.984
M67,M79,153.984
M67,M80,125.384
M67,M81,104.592
M67,M82,115.592
M67,M83,126.592
M67,M84,137.592
M67,M85,148.592
M67,M86,166.969
M67,M87,175.984
M67,M88,186.984
M67,M89,197.984
M67,M90,142.984
M67,M91,122.192
M67,M92,133.192
M67,M93,144.192
M67,M94,155.192
M67,M95,166.192
M67,M96,195.784
M67,M97,206.784
M67,M98,217.784
M67,M99,228.784
M67,M100,239.784
M68,M1,163.345
M68,M2,174.345
M68,M3,185.345
M68,M4,196.345
M68,M5,207.345
M68,M6,236.938
M68,M7,234.738
M68,M8,245.738
M68,M9,256.738
M68,M10,201.738
M68,M11,180.945
M68,M12,191.945
M68,M13,202.945
M68,M14,213.945
M68,M15,224.945
M68,M16,254.538
M68,M17,252.338
M68,M18,263.338
M68,M19,274.338
M68,M20,219.338
M68,M21,198.545
M68,M22,209.545
M68,M23,220.545
M68,M24,231.545
M68,M25,242.545
M68,M26,272.138
M68,M27,269.938
M68,M28,280.938
M68,M29,291.938
M68,M30,236.938
M68,M31,216.145
M68,M32,227.145
M68,M33,238.145
M68,M34,249.145
M68,M35,260.145
M68,M36,289.738
M68,M37,287.538
M68,M38,298.538
M68,M39,309.538
M68,M40,254.538
M68,M41,233.745
M68,M42,244.745
M68,M43,255.745
M68,M44,266.745
M68,M45,277.745
M68,M46,307.338
M68,M47,318.338
M68,M48,329.338
M68,M49,340.338
M68,M50,351.338
M68,M51,285.899
M68,M52,296.899
M68,M53,307.899
M68,M54,318.899
M68,M55,329.899
M68,M56,232.114
M68,M57,243.114
M68,M58,254.114
M68,M59,265.114
M68,M60,276.114
M68,M61,303.499
M68,M62,314.499
M68,M63,292.507
M68,M64,303.507
M68,M65,314.507
M68,M66,278.099
M68,M67,90.184
M68,M69,31.0
M68,M70,42.0
M68,M71,75.992
M68,M72,86.992
M68,M73,58.392
M68,M74,69.392
M68,M75,80.392
M68,M76,109.984
M68,M77,120.984
M68,M78,131.984
M68,M79,142.984
M68,M80,114.384
M68,M81,93.592
M68,M82,104.592
M68,M83,115.592
M68,M84,126.592
M68,M85,137.592
M68,M86,155.969
M68,M87,164.984
M68,M88,175.984
M68,M89,186.984
M68,M90,131.984
M68,M91,111.192
M68,M92,122.192
M68,M93,133.192
M68,M94,144.192
M68,M95,155.192
M68,M96,184.784
M68,M97,195.784
M68,M98,206.784
M68,M99,217.784
M68,M100,228.784
M69,M1,152.345
M69,M2,163.345
M69,M3,174.345
M69,M4,185.345
M69,M5,196.345
M69,M6,225.938
M69,M7,223.738
M69,M8,234.738
M69,M9,245.738
M69,M10,190.738
M69,M11,169.945
M69,M12,180.945
M69,M13,191.945
M69,M14,202.945
M69,M15,213.945
M69,M16,243.538
M69,M17,241.338
M69,M18,252.338
M69,M19,263.338
M69,M20,208.338
M69,M21,187.545
M69,M22,198.545
M69,M23,209.545
M69,M24,220.545
M69,M25,231.545
M69,M26,261.138
M69,M27,258.938
M69,M28,269.938
M69,M29,280.938
M69,M30,225.938
M69,M31,205.145
M69,M32,216.145
M69,M33,227.145
M69,M34,238.145
M69,M35,249.145
M69,M36,278.738
M69,M37,276.538
M69,M38,287.538
M69,M39,298.538
M69,M40,243.538
M69,M41,222.745
M69,M42,233.745
M69,M43,244.745
M69,M44,255.745
M69,M45,266.745
M69,M46,296.338
M69,M47,307.338
M69,M48,318.338
M69,M49,329.338
M69,M50,340.338
M69,M51,274.899
M69,M52,285.899
M69,M53,296.899
M69,M54,307.899
M69,M55,318.899
M69,M56,232.33
M69,M57,243.33
M69,M58,254.33
M69,M59,265.33
M69,M60,276.33
M69,M61,292.499
M69,M62,303.499
M69,M63,292.722
M69,M64,303.722
M69,M65,314.722
M69,M66,278.314
M69,M67,118.784
M69,M68,129.784
M69,M70,31.0
M69,M71,64.992
M69,M72,75.992
M69,M73,86.992
M69,M74,97.992
M69,M75,108.992
M69,M76,138.584
M69,M77,136.384
M69,M78,147.384
M69,M79,158.384
M69,M80,103.384
M69,M81,82.592
M69,M82,93.592
M69,M83,104.592
M69,M84,115.592
M69,M85,126.592
M69,M86,156.184
M69,M87,153.984
M69,M88,164.984
M69,M89,175.984
M69,M90,120.984
M69,M91,100.192
M69,M92,111.192
M69,M93,122.192
M69,M94,133.192
M69,M95,144.192
M69,M96,173.784
M69,M97,184.784
M69,M98,195.784
M69,M99,206.784
M69,M100,217.784
M70,M1,141.345
M70,M2,152.345
M70,M3,163.345
M70,M4,174.345
M70,M5,185.345
M70,M6,214.938
M70,M7,212.738
M70,M8,223.738
M70,M9,234.738
M70,M10,179.738
M70,M11,158.945
M70,M12,169.945
M70,M13,180.945
M70,M14,191.945
M70,M15,202.945
M70,M16,232.538
M70,M17,230.338
M70,M18,241.338
M70,M19,252.338
M70,M20,197.338
M70,M21,176.545
M70,M22,187.545
M70,M23,198.545
M70,M24,209.545
M70,M25,220.545
M70,M26,250.138
M70,M27,247.938
M70,M28,258.938
M70,M29,269.938
M70,M30,214.938
M70,M31,194.145
M70,M32,205.145
M70,M33,216.145
M70,M34,227.145
M70,M35,238.145
M70,M36,267.738
M70,M37,265.538
M70,M38,276.538
M70,M39,287.538
M70,M40,232.538
M70,M41,211.745
M70,M42,222.745
M70,M43,233.745
M70,M44,244.745
M70,M45,255.745
M70,M46,285.338
M70,M47,296.338
M70,M48,307.338
M70,M49,318.338
M70,M50,329.338
M70,M51,263.899
M70,M52,274.899
M70,M53,285.899
M70,M54,296.899
M70,M55,307.899
M70,M56,221.33
M70,M57,232.33
M70,M58,243.33
M70,M59,254.33
M70,M60,265.33
M70,M61,281.499
M70,M62,292.499
M70,M63,281.722
M70,M64,292.722
M70,M65,303.722
M70,M66,267.314
M70,M67,107.784
M70,M68,118.784
M70,M69,129.784
M70,M71,53.992
M70,M72,64.992
M70,M73,75.992
M70,M74,86.992
M70,M75,97.992
M70,M76,127.584
M70,M77,125.384
M70,M78,136.384
M70,M79,147.384
M70,M80,92.384
M70,M81,71.592
M70,M82,82.592
M70,M83,93.592
M70,M84,104.592
M70,M85,115.592
M70,M86,145.184
M70,M87,142.984
M70,M88,153.984
M70,M89,164.984
M70,M90,109.984
M70,M91,89.192
M70,M92,100.192
M70,M93,111.192
M70,M94,122.192
M70,M95,133.192
M70,M96,162.784
M70,M97,173.784
M70,M98,184.784
M70,M99,195.784
M70,M100,206.784
M71,M1,162.138
M71,M2,173.138
M71,M3,184.138
M71,M4,195.138
M71,M5,206.138
M71,M6,235.73
M71,M7,233.53
M71,M8,244.53
M71,M9,255.53
M71,M10,200.53
M71,M11,179.738
M71,M12,190.738
M71,M13,201.738
M71,M14,212.738
M71,M15,223.738
M71,M16,253.33
M71,M17,251.13
M71,M18,262.13
M71,M19,273.13
M71,M20,218.13
M71,M21,197.338
M71,M22,208.338
M71,M23,219.338
M71,M24,230.338
M71,M25,241.338
M71,M26,270.93
M71,M27,268.73
M71,M28,279.73
M71,M29,290.73
M71,M30,235.73
M71,M31,214.938
M71,M32,225.938
M71,M33,236.938
M71,M34,247.938
M71,M35,258.938
M71,M36,288.53
M71,M37,286.33
M71,M38,297.33
M71,M39,308.33
M71,M40,253.33
M71,M41,232.538
M71,M42,243.538
M71,M43,254.538
M71,M44,265.538
M71,M45,276.538
M71,M46,306.13
M71,M47,317.13
M71,M48,328.13
M71,M49,339.13
M71,M50,350.13
M71,M51,284.691
M71,M52,295.691
M71,M53,306.691
M71,M54,317.691
M71,M55,328.691
M71,M56,215.722
M71,M57,226.722
M71,M58,237.722
M71,M59,248.722
M71,M60,259.722
M71,M61,293.714
M71,M62,304.714
M71,M63,276.114
M71,M64,287.114
M71,M65,298.114
M71,M66,261.707
M71,M67,73.792
M71,M68,84.792
M71,M69,95.792
M71,M70,40.792
M71,M72,31.0
M71,M73,42.0
M71,M74,53.0
M71,M75,64.0
M71,M76,93.592
M71,M77,104.592
M71,M78,115.592
M71,M79,126.592
M71,M80,113.177
M71,M81,92.384
M71,M82,103.384
M71,M83,114.384
M71,M84,125.384
M71,M85,136.384
M71,M86,139.577
M71,M87,150.577
M71,M88,161.577
M71,M89,172.577
M71,M90,130.777
M71,M91,109.984
M71,M92,120.984
M71,M93,131.984
M71,M94,142.984
M71,M95,153.984
M71,M96,183.577
M71,M97,194.577
M71,M98,205.577
M71,M99,216.577
M71,M100,227.577
M72,M1,217.138
M72,M2,228.138
M72,M3,239.138
M72,M4,250.138
M72,M5,261.138
M72,M6,290.73
M72,M7,288.53
M72,M8,299.53
M72,M9,310.53
M72,M10,255.53
M72,M11,234.738
M72,M12,245.738
M72,M13,256.738
M72,M14,267.738
M72,M15,278.738
M72,M16,308.33
M72,M17,306.13
M72,M18,317.13
M72,M19,328.13
M72,M20,273.13
M72,M21,252.338
M72,M22,263.338
M72,M23,274.338
M72,M24,285.338
M72,M25,296.338
M72,M26,325.93
M72,M27,323.73
M72,M28,334.73
M72,M29,345.73
M72,M30,290.73
M72,M31,269.938
M72,M32,280.938
M72,M33,291.938
M72,M34,302.938
M72,M35,313.938
M72,M36,343.53
M72,M37,341.33
M72,M38,352.33
M72,M39,363.33
M72,M40,308.33
M72,M41,287.538
M72,M42,298.538
M72,M43,309.538
M72,M44,320.538
M72,M45,331.538
M72,M46,361.13
M72,M47,372.13
M72,M48,383.13
M72,M49,394.13
M72,M50,405.13
M72,M51,316.875
M72,M52,327.875
M72,M53,338.875
M72,M54,349.875
M72,M55,360.875
M72,M56,204.722
M72,M57,215.722
M72,M58,226.722
M72,M59,237.722
M72,M60,248.722
M72,M61,282.714
M72,M62,293.714
M72,M63,265.114
M72,M64,276.114
M72,M65,287.114
M72,M66,250.707
M72,M67,62.792
M72,M68,73.792
M72,M69,84.792
M72,M70,95.792
M72,M71,129.784
M72,M73,31.0
M72,M74,42.0
M72,M75,53.0
M72,M76,82.592
M72,M77,93.592
M72,M78,104.592
M72,M79,115.592
M72,M80,126.592
M72,M81,147.384
M72,M82,158.384
M72,M83,142.984
M72,M84,153.984
M72,M85,164.984
M72,M86,128.577
M72,M87,139.577
M72,M88,150.577
M72,M89,161.577
M72,M90,172.577
M72,M91,164.984
M72,M92,175.984
M72,M93,186.984
M72,M94,197.984
M72,M95,208.984
M72,M96,174.561
M72,M97,185.561
M72,M98,196.561
M72,M99,207.561
M72,M100,218.561
M73,M1,206.138
M73,M2,217.138
M73,M3,228.138
M73,M4,239.138
M73,M5,250.138
M73,M6,279.73
M73,M7,277.53
M73,M8,288.53
M73,M9,299.53
M73,M10,244.53
M73,M11,223.738
M73,M12,234.738
M73,M13,245.738
M73,M14,256.738
M73,M15,267.738
M73,M16,297.33
M73,M17,295.13
M73,M18,306.13
M73,M19,317.13
M73,M20,262.13
M73,M21,241.338
M73,M22,252.338
M73,M23,263.338
M73,M24,274.338
M73,M25,285.338
M73,M26,314.93
M73,M27,312.73
M73,M28,323.73
M73,M29,334.73
M73,M30,279.73
M73,M31,258.938
M73,M32,269.938
M73,M33,280.938
M73,M34,291.938
M73,M35,302.938
M73,M36,332.53
M73,M37,330.33
M73,M38,341.33
M73,M39,352.33
M73,M40,297.33
M73,M41,276.538
M73,M42,287.538
M73,M43,298.538
M73,M44,309.538
M73,M45,320.538
M73,M46,350.13
M73,M47,361.13
M73,M48,372.13
M73,M49,383.13
M73,M50,394.13
M73,M51,305.875
M73,M52,316.875
M73,M53,327.875
M73,M54,338.875
M73,M55,349.875
M73,M56,193.722
M73,M57,204.722
M73,M58,215.722
M73,M59,226.722
M73,M60,237.722
M73,M61,271.714
M73,M62,282.714
M73,M63,254.114
M73,M64,265.114
M73,M65,276.114
M73,M66,239.707
M73,M67,51.792
M73,M68,62.792
M73,M69,73.792
M73,M70,84.792
M73,M71,118.784
M73,M72,129.784
M73,M74,31.0
M73,M75,42.0
M73,M76,71.592
M73,M77,82.592
M73,M78,93.592
M73,M79,104.592
M73,M80,115.592
M73,M81,136.384
M73,M82,147.384
M73,M83,131.984
M73,M84,142.984
M73,M85,153.984
M73,M86,117.577
M73,M87,128.577
M73,M88,139.577
M73,M89,150.577
M73,M90,161.577
M73,M91,153.984
M73,M92,164.984
M73,M93,175.984
M73,M94,186.984
M73,M95,197.984
M73,M96,163.561
M73,M97,174.561
M73,M98,185.561
M73,M99,196.561
M73,M100,207.561
M74,M1,195.138
M74,M2,206.138
M74,M3,217.138
M74,M4,228.138
M74,M5,239.138
M74,M6,268.73
M74,M7,266.53
M74,M8,277.53
M74,M9,288.53
M74,M10,233.53
M74,M11,212.738
M74,M12,223.738
M74,M13,234.738
M74,M14,245.738
M74,M15,256.738
M74,M16,286.33
M74,M17,284.13
M74,M18,295.13
M74,M19,306.13
M74,M20,251.13
M74,M21,230.338
M74,M22,241.338
M74,M23,252.338
M74,M24,263.338
M74,M25,274.338
M74,M26,303.93
M74,M27,301.73
M74,M28,312.73
M74,M29,323.73
M74,M30,268.73
M74,M31,247.938
M74,M32,258.938
M74,M33,269.938
M74,M34,280.938
M74,M35,291.938
M74,M36,321.53
M74,M37,319.33
M74,M38,330.33
M74,M39,341.33
M74,M40,286.33
M74,M41,265.538
M74,M42,276.538
M74,M43,287.538
M74,M44,298.538
M74,M45,309.538
M74,M46,339.13
M74,M47,350.13
M74,M48,361.13
M74,M49,372.13
M74,M50,383.13
M74,M51,294.875
M74,M52,305.875
M74,M53,316.875
M74,M54,327.875
M74,M55,338.875
M74,M56,182.722
M74,M57,193.722
M74,M58,204.722
M74,M59,215.722
M74,M60,226.722
M74,M61,260.714
M74,M62,271.714
M74,M63,243.114
M74,M64,254.114
M74,M65,265.114
M74,M66,228.707
M74,M67,40.792
M74,M68,51.792
M74,M69,62.792
M74,M70,73.792
M74,M71,107.784
M74,M72,118.784
M74,M73,90.184
M74,M75,31.0
M74,M76,60.592
M74,M77,71.592
M74,M78,82.592
M74,M79,93.592
M74,M80,104.592
M74,M81,125.384
M74,M82,136.384
M74,M83,120.984
M74,M84,131.984
M74,M85,142.984
M74,M86,106.577
M74,M87,117.577
M74,M88,128.577
M74,M89,139.577
M74,M90,150.577
M74,M91,142.984
M74,M92,153.984
M74,M93,164.984
M74,M94,175.984
M74,M95,186.984
M74,M96,152.561
M74,M97,163.561
M74,M98,174.561
M74,M99,185.561
M74,M100,196.561
M75,M1,197.338
M75,M2,208.338
M75,M3,219.338
M75,M4,230.338
M75,M5,241.338
M75,M6,270.93
M75,M7,268.73
M75,M8,279.73
M75,M9,290.73
M75,M10,235.73
M75,M11,214.938
M75,M12,225.938
M75,M13,236.938
M75,M14,247.938
M75,M15,258.938
M75,M16,288.53
M75,M17,286.33
M75,M18,297.33
M75,M19,308.33
M75,M20,253.33
M75,M21,232.538
M75,M22,243.538
M75,M23,254.538
M75,M24,265.538
M75,M25,276.538
M75,M26,306.13
M75,M27,303.93
M75,M28,314.93
M75,M29,325.93
M75,M30,270.93
M75,M31,250.138
M75,M32,261.138
M75,M33,272.138
M75,M34,283.138
M75,M35,294.138
M75,M36,323.73
M75,M37,321.53
M75,M38,332.53
M75,M39,343.53
M75,M40,288.53
M75,M41,267.738
M75,M42,278.738
M75,M43,289.738
M75,M44,300.738
M75,M45,311.738
M75,M46,341.33
M75,M47,352.33
M75,M48,363.33
M75,M49,374.33
M75,M50,385.33
M75,M51,283.875
M75,M52,294.875
M75,M53,305.875
M75,M54,316.875
M75,M55,327.875
M75,M56,171.722
M75,M57,182.722
M75,M58,193.722
M75,M59,204.722
M75,M60,215.722
M75,M61,249.714
M75,M62,260.714
M75,M63,232.114
M75,M64,243.114
M75,M65,254.114
M75,M66,217.707
M75,M67,228.707
M75,M68,239.707
M75,M69,250.707
M75,M70,261.707
M75,M71,267.314
M75,M72,278.314
M75,M73,278.099
M75,M74,289.099
M75,M76,49.592
M75,M77,60.592
M75,M78,71.592
M75,M79,82.592
M75,M80,93.592
M75,M81,127.584
M75,M82,138.584
M75,M83,109.984
M75,M84,120.984
M75,M85,131.984
M75,M86,95.577
M75,M87,106.577
M75,M88,117.577
M75,M89,128.577
M75,M90,139.577
M75,M91,145.184
M75,M92,156.184
M75,M93,155.969
M75,M94,166.969
M75,M95,177.969
M75,M96,141.561
M75,M97,152.561
M75,M98,163.561
M75,M99,174.561
M75,M100,185.561
M76,M1,167.745
M76,M2,178.745
M76,M3,189.745
M76,M4,200.745
M76,M5,211.745
M76,M6,241.338
M76,M7,239.138
M76,M8,250.138
M76,M9,261.138
M76,M10,206.138
M76,M11,185.345
M76,M12,196.345
M76,M13,207.345
M76,M14,218.345
M76,M15,229.345
M76,M16,258.938
M76,M17,256.738
M76,M18,267.738
M76,M19,278.738
M76,M20,223.738
M76,M21,202.945
M76,M22,213.945
M76,M23,224.945
M76,M24,235.945
M76,M25,246.945
M76,M26,276.538
M76,M27,274.338
M76,M28,285.338
M76,M29,296.338
M76,M30,241.338
M76,M31,220.545
M76,M32,231.545
M76,M33,242.545
M76,M34,253.545
M76,M35,264.545
M76,M36,294.138
M76,M37,291.938
M76,M38,302.938
M76,M39,313.938
M76,M40,258.938
M76,M41,238.145
M76,M42,249.145
M76,M43,260.145
M76,M44,271.145
M76,M45,282.145
M76,M46,311.738
M76,M47,322.738
M76,M48,333.738
M76,M49,344.738
M76,M50,355.738
M76,M51,290.299
M76,M52,301.299
M76,M53,312.299
M76,M54,323.299
M76,M55,334.299
M76,M56,208.13
M76,M57,219.13
M76,M58,230.13
M76,M59,241.13
M76,M60,252.13
M76,M61,286.122
M76,M62,297.122
M76,M63,268.522
M76,M64,279.522
M76,M65,290.522
M76,M66,254.114
M76,M67,265.114
M76,M68,276.114
M76,M69,287.114
M76,M70,298.114
M76,M71,303.722
M76,M72,314.722
M76,M73,314.507
M76,M74,325.507
M76,M75,336.507
M76,M77,31.0
M76,M78,42.0
M76,M79,53.0
M76,M80,64.0
M76,M81,97.992
M76,M82,108.992
M76,M83,80.392
M76,M84,91.392
M76,M85,102.392
M76,M86,131.984
M76,M87,142.984
M76,M88,153.984
M76,M89,164.984
M76,M90,136.384
M76,M91,115.592
M76,M92,126.592
M76,M93,137.592
M76,M94,148.592
M76,M95,159.592
M76,M96,177.969
M76,M97,188.969
M76,M98,199.969
M76,M99,210.969
M76,M100,221.969
M77,M1,156.745
M77,M2,167.745
M77,M3,178.745
M77,M4,189.745
M77,M5,200.745
M77,M6,230.338
M77,M7,228.138
M77,M8,239.138
M77,M9,250.138
M77,M10,195.138
M77,M11,174.345
M77,M12,185.345
M77,M13,196.345
M77,M14,207.345
M77,M15,218.345
M77,M16,247.938
M77,M17,245.738
M77,M18,256.738
M77,M19,267.738
M77,M20,212.738
M77,M21,191.945
M77,M22,202.945
M77,M23,213.945
M77,M24,224.945
M77,M25,235.945
M77,M26,265.538
M77,M27,263.338
M77,M28,274.338
M77,M29,285.338
M77,M30,230.338
M77,M31,209.545
M77,M32,220.545
M77,M33,231.545
M77,M34,242.545
M77,M35,253.545
M77,M36,283.138
M77,M37,280.938
M77,M38,291.938
M77,M39,302.938
M77,M40,247.938
M77,M41,227.145
M77,M42,238.145
M77,M43,249.145
M77,M44,260.145
M77,M45,271.145
M77,M46,300.738
M77,M47,311.738
M77,M48,322.738
M77,M49,333.738
M77,M50,344.738
M77,M51,279.299
M77,M52,290.299
M77,M53,301.299
M77,M54,312.299
M77,M55,323.299
M77,M56,197.13
M77,M57,208.13
M77,M58,219.13
M77,M59,230.13
M77,M60,241.13
M77,M61,275.122
M77,M62,286.122
M77,M63,257.522
M77,M64,268.522
M77,M65,279.522
M77,M66,243.114
M77,M67,254.114
M77,M68,265.114
M77,M69,276.114
M77,M70,287.114
M77,M71,292.722
M77,M72,303.722
M77,M73,303.507
M77,M74,314.507
M77,M75,325.507
M77,M76,161.93
M77,M78,31.0
M77,M79,42.0
M77,M80,53.0
M77,M81,86.992
M77,M82,97.992
M77,M83,69.392
M77,M84,80.392
M77,M85,91.392
M77,M86,120.984
M77,M87,131.984
M77,M88,142.984
M77,M89,153.984
M77,M90,125.384
M77,M91,104.592
M77,M92,115.592
M77,M93,126.592
M77,M94,137.592
M77,M95,148.592
M77,M96,166.969
M77,M97,177.969
M77,M98,188.969
M77,M99,199.969
M77,M100,210.969
M78,M1,145.745
M78,M2,156.745
M78,M3,167.745
M78,M4,178.745
M78,M5,189.745
M78,M6,219.338
M78,M7,217.138
M78,M8,228.138
M78,M9,239.138
M78,M10,184.138
M78,M11,163.345
M78,M12,174.345
M78,M13,185.345
M78,M14,196.345
M78,M15,207.345
M78,M16,236.938
M78,M17,234.738
M78,M18,245.738
M78,M19,256.738
M78,M20,201.738
M78,M21,180.945
M78,M22,191.945
M78,M23,202.945
M78,M24,213.945
M78,M25,224.945
M78,M26,254.538
M78,M27,252.338
M78,M28,263.338
M78,M29,274.338
M78,M30,219.338
M78,M31,198.545
M78,M32,209.545
M78,M33,220.545
M78,M34,231.545
M78,M35,242.545
M78,M36,272.138
M78,M37,269.938
M78,M38,280.938
M78,M39,291.938
M78,M40,236.938
M78,M41,216.145
M78,M42,227.145
M78,M43,238.145
M78,M44,249.145
M78,M45,260.145
M78,M46,289.738
M78,M47,300.738
M78,M48,311.738
M78,M49,322.738
M78,M50,333.738
M78,M51,268.299
M78,M52,279.299
M78,M53,290.299
M78,M54,301.299
M78,M55,312.299
M78,M56,186.13
M78,M57,197.13
M78,M58,208.13
M78,M59,219.13
M78,M60,230.13
M78,M61,264.122
M78,M62,275.122
M78,M63,246.522
M78,M64,257.522
M78,M65,268.522
M78,M66,232.114
M78,M67,243.114
M78,M68,254.114
M78,M69,265.114
M78,M70,276.114
M78,M71,281.722
M78,M72,292.722
M78,M73,292.507
M78,M74,303.507
M78,M75,314.507
M78,M76,150.93
M78,M77,90.184
M78,M79,31.0
M78,M80,42.0
M78,M81,75.992
M78,M82,86.992
M78,M83,58.392
M78,M84,69.392
M78,M85,80.392
M78,M86,109.984
M78,M87,120.984
M78,M88,131.984
M78,M89,142.984
M78,M90,114.384
M78,M91,93.592
M78,M92,104.592
M78,M93,115.592
M78,M94,126.592
M78,M95,137.592
M78,M96,155.969
M78,M97,166.969
M78,M98,177.969
M78,M99,188.969
M78,M100,199.969
M79,M1,134.745
M79,M2,145.745
M79,M3,156.745
M79,M4,167.745
M79,M5,178.745
M79,M6,208.338
M79,M7,206.138
M79,M8,217.138
M79,M9,228.138
M79,M10,173.138
M79,M11,152.345
M79,M12,163.345
M79,M13,174.345
M79,M14,185.345
M79,M15,196.345
M79,M16,225.938
M79,M17,223.738
M79,M18,234.738
M79,M19,245.738
M79,M20,190.738
M79,M21,169.945
M79,M22,180.945
M79,M23,191.945
M79,M24,202.945
M79,M25,213.945
M79,M26,243.538
M79,M27,241.338
M79,M28,252.338
M79,M29,263.338
M79,M30,208.338
M79,M31,187.545
M79,M32,198.545
M79,M33,209.545
M79,M34,220.545
M79,M35,231.545
M79,M36,261.138
M79,M37,258.938
M79,M38,269.938
M79,M39,280.938
M79,M40,225.938
M79,M41,205.145
M79,M42,216.145
M79,M43,227.145
M79,M44,238.145
M79,M45,249.145
M79,M46,278.738
M79,M47,289.738
M79,M48,300.738
M79,M49,311.738
M79,M50,322.738
M79,M51,257.299
M79,M52,268.299
M79,M53,279.299
M79,M54,290.299
M79,M55,301.299
M79,M56,214.73
M79,M57,225.73
M79,M58,236.73
M79,M59,247.73
M79,M60,258.73
M79,M61,274.899
M79,M62,285.899
M79,M63,275.122
M79,M64,286.122
M79,M65,297.122
M79,M66,260.714
M79,M67,271.714
M79,M68,282.714
M79,M69,293.714
M79,M70,297.997
M79,M71,277.205
M79,M72,288.205
M79,M73,299.205
M79,M74,310.205
M79,M75,321.205
M79,M76,179.53
M79,M77,118.784
M79,M78,129.784
M79,M80,31.0
M79,M81,64.992
M79,M82,75.992
M79,M83,86.992
M79,M84,97.992
M79,M85,108.992
M79,M86,138.584
M79,M87,136.384
M79,M88,147.384
M79,M89,158.384
M79,M90,103.384
M79,M91,82.592
M79,M92,93.592
M79,M93,104.592
M79,M94,115.592
M79,M95,126.592
M79,M96,156.184
M79,M97,167.184
M79,M98,178.184
M79,M99,189.184
M79,M100,200.184
M80,M1,123.745
M80,M2,134.745
M80,M3,145.745
M80,M4,156.745
M80,M5,167.745
M80,M6,197.338
M80,M7,195.138
M80,M8,206.138
M80,M9,217.138
M80,M10,162.138
M80,M11,141.345
M80,M12,152.345
M80,M13,163.345
M80,M14,174.345
M80,M15,185.345
M80,M16,214.938
M80,M17,212.738
M80,M18,223.738
M80,M19,234.738
M80,M20,179.738
M80,M21,158.945
M80,M22,169.945
M80,M23,180.945
M80,M24,191.945
M80,M25,202.945
M80,M26,232.538
M80,M27,230.338
M80,M28,241.338
M80,M29,252.338
M80,M30,197.338
M80,M31,176.545
M80,M32,187.545
M80,M33,198.545
M80,M34,209.545
M80,M35,220.545
M80,M36,250.138
M80,M37,247.938
M80,M38,258.938
M80,M39,269.938
M80,M40,214.938
M80,M41,194.145
M80,M42,205.145
M80,M43,216.145
M80,M44,227.145
M80,M45,238.145
M80,M46,267.738
M80,M47,278.738
M80,M48,289.738
M80,M49,300.738
M80,M50,311.738
M80,M51,246.299
M80,M52,257.299
M80,M53,268.299
M80,M54,279.299
M80,M55,290.299
M80,M56,203.73
M80,M57,214.73
M80,M58,225.73
M80,M59,236.73
M80,M60,247.73
M80,M61,263.899
M80,M62,274.899
M80,M63,264.122
M80,M64,275.122
M80,M65,286.122
M80,M66,249.714
M80,M67,260.714
M80,M68,271.714
M80,M69,282.714
M80,M70,286.997
M80,M71,266.205
M80,M72,277.205
M80,M73,288.205
M80,M74,299.205
M80,M75,310.205
M80,M76,168.53
M80,M77,107.784
M80,M78,118.784
M80,M79,129.784
M80,M81,53.992
M80,M82,64.992
M80,M83,75.992
M80,M84,86.992
M80,M85,97.992
M80,M86,127.584
M80,M87,125.384
M80,M88,136.384
M80,M89,147.384
M80,M90,92.384
M80,M91,71.592
M80,M92,82.592
M80,M93,93.592
M80,M94,104.592
M80,M95,115.592
M80,M96,145.184
M80,M97,156.184
M80,M98,167.184
M80,M99,178.184
M80,M100,189.184
M81,M1,144.538
M81,M2,155.538
M81,M3,166.538
M81,M4,177.538
M81,M5,188.538
M81,M6,218.13
M81,M7,215.93
M81,M8,226.93
M81,M9,237.93
M81,M10,182.93
M81,M11,162.138
M81,M12,173.138
M81,M13,184.138
M81,M14,195.138
M81,M15,206.138
M81,M16,235.73
M81,M17,233.53
M81,M18,244.53
M81,M19,255.53
M81,M20,200.53
M81,M21,179.738
M81,M22,190.738
M81,M23,201.738
M81,M24,212.738
M81,M25,223.738
M81,M26,253.33
M81,M27,251.13
M81,M28,262.13
M81,M29,273.13
M81,M30,218.13
M81,M31,197.338
M81,M32,208.338
M81,M33,219.338
M81,M34,230.338
M81,M35,241.338
M81,M36,270.93
M81,M37,268.73
M81,M38,279.73
M81,M39,290.73
M81,M40,235.73
M81,M41,214.938
M81,M42,225.938
M81,M43,236.938
M81,M44,247.938
M81,M45,258.938
M81,M46,288.53
M81,M47,299.53
M81,M48,310.53
M81,M49,321.53
M81,M50,332.53
M81,M51,267.091
M81,M52,278.091
M81,M53,289.091
M81,M54,300.091
M81,M55,311.091
M81,M56,169.738
M81,M57,180.738
M81,M58,191.738
M81,M59,202.738
M81,M60,213.738
M81,M61,247.73
M81,M62,258.73
M81,M63,230.13
M81,M64,241.13
M81,M65,252.13
M81,M66,215.722
M81,M67,226.722
M81,M68,237.722
M81,M69,248.722
M81,M70,259.722
M81,M71,265.33
M81,M72,276.33
M81,M73,276.114
M81,M74,287.114
M81,M75,298.114
M81,M76,134.538
M81,M77,73.792
M81,M78,84.792
M81,M79,95.792
M81,M80,40.792
M81,M82,31.0
M81,M83,42.0
M81,M84,53.0
M81,M85,64.0
M81,M86,93.592
M81,M87,104.592
M81,M88,115.592
M81,M89,126.592
M81,M90,113.177
M81,M91,92.384
M81,M92,103.384
M81,M93,114.384
M81,M94,125.384
M81,M95,136.384
M81,M96,139.577
M81,M97,150.577
M81,M98,161.577
M81,M99,172.577
M81,M100,183.577
M82,M1,199.538
M82,M2,210.538
M82,M3,221.538
M82,M4,232.538
M82,M5,243.538
M82,M6,273.13
M82,M7,270.93
M82,M8,281.93
M82,M9,292.93
M82,M10,237.93
M82,M11,217.138
M82,M12,228.138
M82,M13,239.138
M82,M14,250.138
M82,M15,261.138
M82,M16,290.73
M82,M17,288.53
M82,M18,299.53
M82,M19,310.53
M82,M20,255.53
M82,M21,234.738
M82,M22,245.738
M82,M23,256.738
M82,M24,267.738
M82,M25,278.738
M82,M26,308.33
M82,M27,306.13
M82,M28,317.13
M82,M29,328.13
M82,M30,273.13
M82,M31,252.338
M82,M32,263.338
M82,M33,274.338
M82,M34,285.338
M82,M35,296.338
M82,M36,325.93
M82,M37,323.73
M82,M38,334.73
M82,M39,345.73
M82,M40,290.73
M82,M41,269.938
M82,M42,280.938
M82,M43,291.938
M82,M44,302.938
M82,M45,313.938
M82,M46,343.53
M82,M47,354.53
M82,M48,365.53
M82,M49,376.53
M82,M50,387.53
M82,M51,270.891
M82,M52,281.891
M82,M53,292.891
M82,M54,303.891
M82,M55,314.891
M82,M56,158.738
M82,M57,169.738
M82,M58,180.738
M82,M59,191.738
M82,M60,202.738
M82,M61,236.73
M82,M62,247.73
M82,M63,219.13
M82,M64,230.13
M82,M65,241.13
M82,M66,204.722
M82,M67,215.722
M82,M68,226.722
M82,M69,237.722
M82,M70,248.722
M82,M71,254.33
M82,M72,265.33
M82,M73,265.114
M82,M74,276.114
M82,M75,287.114
M82,M76,123.538
M82,M77,62.792
M82,M78,73.792
M82,M79,84.792
M82,M80,95.792
M82,M81,129.784
M82,M83,31.0
M82,M84,42.0
M82,M85,53.0
M82,M86,82.592
M82,M87,93.592
M82,M88,104.592
M82,M89,115.592
M82,M90,126.592
M82,M91,147.384
M82,M92,158.384
M82,M93,142.984
M82,M94,153.984
M82,M95,164.984
M82,M96,128.577
M82,M97,139.577
M82,M98,150.577
M82,M99,161.577
M82,M100,172.577
M83,M1,188.538
M83,M2,199.538
M83,M3,210.538
M83,M4,221.538
M83,M5,232.538
M83,M6,262.13
M83,M7,259.93
M83,M8,270.93
M83,M9,281.93
M83,M10,226.93
M83,M11,206.138
M83,M12,217.138
M83,M13,228.138
M83,M14,239.138
M83,M15,250.138
M83,M16,279.73
M83,M17,277.53
M83,M18,288.53
M83,M19,299.53
M83,M20,244.53
M83,M21,223.738
M83,M22,234.738
M83,M23,245.738
M83,M24,256.738
M83,M25,267.738
M83,M26,297.33
M83,M27,295.13
M83,M28,306.13
M83,M29,317.13
M83,M30,262.13
M83,M31,241.338
M83,M32,252.338
M83,M33,263.338
M83,M34,274.338
M83,M35,285.338
M83,M36,314.93
M83,M37,312.73
M83,M38,323.73
M83,M39,334.73
M83,M40,279.73
M83,M41,258.938
M83,M42,269.938
M83,M43,280.938
M83,M44,291.938
M83,M45,302.938
M83,M46,332.53
M83,M47,343.53
M83,M48,354.53
M83,M49,365.53
M83,M50,376.53
M83,M51,259.891
M83,M52,270.891
M83,M53,281.891
M83,M54,292.891
M83,M55,303.891
M83,M56,147.738
M83,M57,158.738
M83,M58,169.738
M83,M59,180.738
M83,M60,191.738
M83,M61,225.73
M83,M62,236.73
M83,M63,208.13
M83,M64,219.13
M83,M65,230.13
M83,M66,193.722
M83,M67,204.722
M83,M68,215.722
M83,M69,226.722
M83,M70,237.722
M83,M71,243.33
M83,M72,254.33
M83,M73,254.114
M83,M74,265.114
M83,M75,276.114
M83,M76,112.538
M83,M77,51.792
M83,M78,62.792
M83,M79,73.792
M83,M80,84.792
M83,M81,118.784
M83,M82,129.784
M83,M84,31.0
M83,M85,42.0
M83,M86,71.592
M83,M87,82.592
M83,M88,93.592
M83,M89,104.592
M83,M90,115.592
M83,M91,136.384
M83,M92,147.384
M83,M93,131.984
M83,M94,142.984
M83,M95,153.984
M83,M96,117.577
M83,M97,128.577
M83,M98,139.577
M83,M99,150.577
M83,M100,161.577
M84,M1,177.538
M84,M2,188.538
M84,M3,199.538
M84,M4,210.538
M84,M5,221.538
M84,M6,251.13
M84,M7,248.93
M84,M8,259.93
M84,M9,270.93
M84,M10,215.93
M84,M11,195.138
M84,M12,206.138
M84,M13,217.138
M84,M14,228.138
M84,M15,239.138
M84,M16,268.73
M84,M17,266.53
M84,M18,277.53
M84,M19,288.53
M84,M20,233.53
M84,M21,212.738
M84,M22,223.738
M84,M23,234.738
M84,M24,245.738
M84,M25,256.738
M84,M26,286.33
M84,M27,284.13
M84,M28,295.13
M84,M29,306.13
M84,M30,251.13
M84,M31,230.338
M84,M32,241.338
M84,M33,252.338
M84,M34,263.338
M84,M35,274.338
M84,M36,303.93
M84,M37,301.73
M84,M38,312.73
M84,M39,323.73
M84,M40,268.73
M84,M41,247.938
M84,M42,258.938
M84,M43,269.938
M84,M44,280.938
M84,M45,291.938
M84,M46,321.53
M84,M47,332.53
M84,M48,343.53
M84,M49,354.53
M84,M50,365.53
M84,M51,248.891
M84,M52,259.891
M84,M53,270.891
M84,M54,281.891
M84,M55,292.891
M84,M56,136.738
M84,M57,147.738
M84,M58,158.738
M84,M59,169.738
M84,M60,180.738
M84,M61,214.73
M84,M62,225.73
M84,M63,197.13
M84,M64,208.13
M84,M65,219.13
M84,M66,182.722
M84,M67,193.722
M84,M68,204.722
M84,M69,215.722
M84,M70,226.722
M84,M71,232.33
M84,M72,243.33
M84,M73,243.114
M84,M74,254.114
M84,M75,265.114
M84,M76,101.538
M84,M77,40.792
M84,M78,51.792
M84,M79,62.792
M84,M80,73.792
M84,M81,107.784
M84,M82,118.784
M84,M83,90.184
M84,M85,31.0
M84,M86,60.592
M84,M87,71.592
M84,M88,82.592
M84,M89,93.592
M84,M90,104.592
M84,M91,125.384
M84,M92,136.384
M84,M93,120.984
M84,M94,131.984
M84,M95,142.984
M84,M96,106.577
M84,M97,117.577
M84,M98,128.577
M84,M99,139.577
M84,M100,150.577
M85,M1,179.738
M85,M2,190.738
M85,M3,201.738
M85,M4,212.738
M85,M5,223.738
M85,M6,253.33
M85,M7,251.13
M85,M8,262.13
M85,M9,273.13
M85,M10,218.13
M85,M11,197.338
M85,M12,208.338
M85,M13,219.338
M85,M14,230.338
M85,M15,241.338
M85,M16,270.93
M85,M17,268.73
M85,M18,279.73
M85,M19,290.73
M85,M20,235.73
M85,M21,214.938
M85,M22,225.938
M85,M23,236.938
M85,M24,247.938
M85,M25,258.938
M85,M26,288.53
M85,M27,286.33
M85,M28,297.33
M85,M29,308.33
M85,M30,253.33
M85,M31,232.538
M85,M32,243.538
M85,M33,254.538
M85,M34,265.538
M85,M35,276.538
M85,M36,306.13
M85,M37,303.93
M85,M38,314.93
M85,M39,325.93
M85,M40,270.93
M85,M41,250.138
M85,M42,261.138
M85,M43,272.138
M85,M44,283.138
M85,M45,294.138
M85,M46,322.93
M85,M47,333.93
M85,M48,344.93
M85,M49,355.93
M85,M50,366.93
M85,M51,237.891
M85,M52,248.891
M85,M53,259.891
M85,M54,270.891
M85,M55,281.891
M85,M56,125.738
M85,M57,136.738
M85,M58,147.738
M85,M59,158.738
M85,M60,169.738
M85,M61,203.73
M85,M62,214.73
M85,M63,186.13
M85,M64,197.13
M85,M65,208.13
M85,M66,171.722
M85,M67,182.722
M85,M68,193.722
M85,M69,204.722
M85,M70,215.722
M85,M71,221.33
M85,M72,232.33
M85,M73,232.114
M85,M74,243.114
M85,M75,254.114
M85,M76,90.538
M85,M77,101.538
M85,M78,112.538
M85,M79,123.538
M85,M80,134.538
M85,M81,168.53
M85,M82,179.53
M85,M83,150.93
M85,M84,161.93
M85,M86,49.592
M85,M87,60.592
M85,M88,71.592
M85,M89,82.592
M85,M90,93.592
M85,M91,127.584
M85,M92,138.584
M85,M93,109.984
M85,M94,120.984
M85,M95,131.984
M85,M96,95.577
M85,M97,106.577
M85,M98,117.577
M85,M99,128.577
M85,M100,139.577
M86,M1,150.145
M86,M2,161.145
M86,M3,172.145
M86,M4,183.145
M86,M5,194.145
M86,M6,223.738
M86,M7,221.538
M86,M8,232.538
M86,M9,243.538
M86,M10,188.538
M86,M11,167.745
M86,M12,178.745
M86,M13,189.745
M86,M14,200.745
M86,M15,211.745
M86,M16,241.338
M86,M17,239.138
M86,M18,250.138
M86,M19,261.138
M86,M20,206.138
M86,M21,185.345
M86,M22,196.345
M86,M23,207.345
M86,M24,218.345
M86,M25,229.345
M86,M26,258.938
M86,M27,256.738
M86,M28,267.738
M86,M29,278.738
M86,M30,223.738
M86,M31,202.945
M86,M32,213.945
M86,M33,224.945
M86,M34,235.945
M86,M35,246.945
M86,M36,276.538
M86,M37,274.338
M86,M38,285.338
M86,M39,296.338
M86,M40,241.338
M86,M41,220.545
M86,M42,231.545
M86,M43,242.545
M86,M44,253.545
M86,M45,264.545
M86,M46,294.138
M86,M47,305.138
M86,M48,316.138
M86,M49,327.138
M86,M50,338.138
M86,M51,272.699
M86,M52,283.699
M86,M53,294.699
M86,M54,305.699
M86,M55,316.699
M86,M56,316.691
M86,M57,327.691
M86,M58,338.691
M86,M59,349.691
M86,M60,311.091
M86,M61,290.299
M86,M62,301.299
M86,M63,312.299
M86,M64,323.299
M86,M65,334.299
M86,M66,362.675
M86,M67,361.691
M86,M68,372.691
M86,M69,383.691
M86,M70,328.691
M86,M71,307.899
M86,M72,318.899
M86,M73,329.899
M86,M74,340.899
M86,M75,351.899
M86,M76,281.491
M86,M77,292.491
M86,M78,303.491
M86,M79,314.491
M86,M80,325.491
M86,M81,325.499
M86,M82,336.499
M86,M83,341.883
M86,M84,352.883
M86,M85,363.883
M86,M87,31.0
M86,M88,42.0
M86,M89,53.0
M86,M90,64.0
M86,M91,97.992
M86,M92,108.992
M86,M93,80.392
M86,M94,91.392
M86,M95,102.392
M86,M96,131.984
M86,M97,142.984
M86,M98,153.984
M86,M99,164.984
M86,M100,175.984
M87,M1,139.145
M87,M2,150.145
M87,M3,161.145
M87,M4,172.145
M87,M5,183.145
M87,M6,212.738
M87,M7,210.538
M87,M8,221.538
M87,M9,232.538
M87,M10,177.538
M87,M11,156.745
M87,M12,167.745
M87,M13,178.745
M87,M14,189.745
M87,M15,200.745
M87,M16,230.338
M87,M17,228.138
M87,M18,239.138
M87,M19,250.138
M87,M20,195.138
M87,M21,174.345
M87,M22,185.345
M87,M23,196.345
M87,M24,207.345
M87,M25,218.345
M87,M26,247.938
M87,M27,245.738
M87,M28,256.738
M87,M29,267.738
M87,M30,212.738
M87,M31,191.945
M87,M32,202.945
M87,M33,213.945
M87,M34,224.945
M87,M35,235.945
M87,M36,265.538
M87,M37,263.338
M87,M38,274.338
M87,M39,285.338
M87,M40,230.338
M87,M41,209.545
M87,M42,220.545
M87,M43,231.545
M87,M44,242.545
M87,M45,253.545
M87,M46,283.138
M87,M47,294.138
M87,M48,305.138
M87,M49,316.138
M87,M50,327.138
M87,M51,261.699
M87,M52,272.699
M87,M53,283.699
M87,M54,294.699
M87,M55,305.699
M87,M56,305.691
M87,M57,316.691
M87,M58,327.691
M87,M59,338.691
M87,M60,300.091
M87,M61,279.299
M87,M62,290.299
M87,M63,301.299
M87,M64,312.299
M87,M65,323.299
M87,M66,351.675
M87,M67,350.691
M87,M68,361.691
M87,M69,372.691
M87,M70,317.691
M87,M71,296.899
M87,M72,307.899
M87,M73,318.899
M87,M74,329.899
M87,M75,340.899
M87,M76,270.491
M87,M77,281.491
M87,M78,292.491
M87,M79,303.491
M87,M80,314.491
M87,M81,314.499
M87,M82,325.499
M87,M83,330.883
M87,M84,341.883
M87,M85,352.883
M87,M86,316.475
M87,M88,31.0
M87,M89,42.0
M87,M90,53.0
M87,M91,86.992
M87,M92,97.992
M87,M93,69.392
M87,M94,80.392
M87,M95,91.392
M87,M96,120.984
M87,M97,131.984
M87,M98,142.984
M87,M99,153.984
M87,M100,164.984
M88,M1,128.145
M88,M2,139.145
M88,M3,150.145
M88,M4,161.145
M88,M5,172.145
M88,M6,201.738
M88,M7,199.538
M88,M8,210.538
M88,M9,221.538
M88,M10,166.538
M88,M11,145.745
M88,M12,156.745
M88,M13,167.745
M88,M14,178.745
M88,M15,189.745
M88,M16,219.338
M88,M17,217.138
M88,M18,228.138
M88,M19,239.138
M88,M20,184.138
M88,M21,163.345
M88,M22,174.345
M88,M23,185.345
M88,M24,196.345
M88,M25,207.345
M88,M26,236.938
M88,M27,234.738
M88,M28,245.738
M88,M29,256.738
M88,M30,201.738
M88,M31,180.945
M88,M32,191.945
M88,M33,202.945
M88,M34,213.945
M88,M35,224.945
M88,M36,254.538
M88,M37,252.338
M88,M38,263.338
M88,M39,274.338
M88,M40,219.338
M88,M41,198.545
M88,M42,209.545
M88,M43,220.545
M88,M44,231.545
M88,M45,242.545
M88,M46,272.138
M88,M47,283.138
M88,M48,294.138
M88,M49,305.138
M88,M50,316.138
M88,M51,250.699
M88,M52,261.699
M88,M53,272.699
M88,M54,283.699
M88,M55,294.699
M88,M56,294.691
M88,M57,305.691
M88,M58,316.691
M88,M59,327.691
M88,M60,289.091
M88,M61,268.299
M88,M62,279.299
M88,M63,290.299
M88,M64,301.299
M88,M65,312.299
M88,M66,340.675
M88,M67,339.691
M88,M68,350.691
M88,M69,361.691
M88,M70,306.691
M88,M71,285.899
M88,M72,296.899
M88,M73,307.899
M88,M74,318.899
M88,M75,329.899
M88,M76,259.491
M88,M77,270.491
M88,M78,281.491
M88,M79,292.491
M88,M80,303.491
M88,M81,303.499
M88,M82,314.499
M88,M83,319.883
M88,M84,330.883
M88,M85,341.883
M88,M86,305.475
M88,M87,90.184
M88,M89,31.0
M88,M90,42.0
M88,M91,75.992
M88,M92,86.992
M88,M93,58.392
M88,M94,69.392
M88,M95,80.392
M88,M96,109.984
M88,M97,120.984
M88,M98,131.984
M88,M99,142.984
M88,M100,153.984
M89,M1,117.145
M89,M2,128.145
M89,M3,139.145
M89,M4,150.145
M89,M5,161.145
M89,M6,190.738
M89,M7,188.538
M89,M8,199.538
M89,M9,210.538
M89,M10,155.538
M89,M11,134.745
M89,M12,145.745
M89,M13,156.745
M89,M14,167.745
M89,M15,178.745
M89,M16,208.338
M89,M17,206.138
M89,M18,217.138
M89,M19,228.138
M89,M20,173.138
M89,M21,152.345
M89,M22,163.345
M89,M23,174.345
M89,M24,185.345
M89,M25,196.345
M89,M26,225.938
M89,M27,223.738
M89,M28,234.738
M89,M29,245.738
M89,M30,190.738
M89,M31,169.945
M89,M32,180.945
M89,M33,191.945
M89,M34,202.945
M89,M35,213.945
M89,M36,243.538
M89,M37,241.338
M89,M38,252.338
M89,M39,263.338
M89,M40,208.338
M89,M41,187.545
M89,M42,198.545
M89,M43,209.545
M89,M44,220.545
M89,M45,231.545
M89,M46,261.138
M89,M47,272.138
M89,M48,283.138
M89,M49,294.138
M89,M50,305.138
M89,M51,239.699
M89,M52,250.699
M89,M53,261.699
M89,M54,272.699
M89,M55,283.699
M89,M56,283.691
M89,M57,294.691
M89,M58,305.691
M89,M59,316.691
M89,M60,278.091
M89,M61,257.299
M89,M62,268.299
M89,M63,279.299
M89,M64,290.299
M89,M65,301.299
M89,M66,329.675
M89,M67,328.691
M89,M68,339.691
M89,M69,350.691
M89,M70,295.691
M89,M71,274.899
M89,M72,285.899
M89,M73,296.899
M89,M74,307.899
M89,M75,318.899
M89,M76,248.491
M89,M77,259.491
M89,M78,270.491
M89,M79,281.491
M89,M80,292.491
M89,M81,292.499
M89,M82,303.499
M89,M83,308.883
M89,M84,319.883
M89,M85,330.883
M89,M86,294.475
M89,M87,118.784
M89,M88,129.784
M89,M90,31.0
M89,M91,64.992
M89,M92,75.992
M89,M93,86.992
M89,M94,97.992
M89,M95,108.992
M89,M96,138.584
M89,M97,149.584
M89,M98,160.584
M89,M99,171.584
M89,M100,182.584
M90,M1,106.145
M90,M2,117.145
M90,M3,128.145
M90,M4,139.145
M90,M5,150.145
M90,M6,179.738
M90,M7,177.538
M90,M8,188.538
M90,M9,199.538
M90,M10,144.538
M90,M11,123.745
M90,M12,134.745
M90,M13,145.745
M90,M14,156.745
M90,M15,167.745
M90,M16,197.338
M90,M17,195.138
M90,M18,206.138
M90,M19,217.138
M90,M20,162.138
M90,M21,141.345
M90,M22,152.345
M90,M23,163.345
M90,M24,174.345
M90,M25,185.345
M90,M26,214.938
M90,M27,212.738
M90,M28,223.738
M90,M29,234.738
M90,M30,179.738
M90,M31,158.945
M90,M32,169.945
M90,M33,180.945
M90,M34,191.945
M90,M35,202.945
M90,M36,232.538
M90,M37,230.338
M90,M38,241.338
M90,M39,252.338
M90,M40,197.338
M90,M41,176.545
M90,M42,187.545
M90,M43,198.545
M90,M44,209.545
M90,M45,220.545
M90,M46,250.138
M90,M47,261.138
M90,M48,272.138
M90,M49,283.138
M90,M50,294.138
M90,M51,228.699
M90,M52,239.699
M90,M53,250.699
M90,M54,261.699
M90,M55,272.699
M90,M56,272.691
M90,M57,283.691
M90,M58,294.691
M90,M59,305.691
M90,M60,267.091
M90,M61,246.299
M90,M62,257.299
M90,M63,268.299
M90,M64,279.299
M90,M65,290.299
M90,M66,318.675
M90,M67,317.691
M90,M68,328.691
M90,M69,339.691
M90,M70,284.691
M90,M71,263.899
M90,M72,274.899
M90,M73,285.899
M90,M74,296.899
M90,M75,307.899
M90,M76,237.491
M90,M77,248.491
M90,M78,259.491
M90,M79,270.491
M90,M80,281.491
M90,M81,281.499
M90,M82,292.499
M90,M83,297.883
M90,M84,308.883
M90,M85,319.883
M90,M86,283.475
M90,M87,107.784
M90,M88,118.784
M90,M89,129.784
M90,M91,53.992
M90,M92,64.992
M90,M93,75.992
M90,M94,86.992
M90,M95,97.992
M90,M96,127.584
M90,M97,138.584
M90,M98,149.584
M90,M99,160.584
M90,M100,171.584
M91,M1,126.938
M91,M2,137.938
M91,M3,148.938
M91,M4,159.938
M91,M5,170.938
M91,M6,200.53
M91,M7,198.33
M91,M8,209.33
M91,M9,220.33
M91,M10,165.33
M91,M11,144.538
M91,M12,155.538
M91,M13,166.538
M91,M14,177.538
M91,M15,188.538
M91,M16,218.13
M91,M17,215.93
M91,M18,226.93
M91,M19,237.93
M91,M20,182.93
M91,M21,162.138
M91,M22,173.138
M91,M23,184.138
M91,M24,195.138
M91,M25,206.138
M91,M26,235.73
M91,M27,233.53
M91,M28,244.53
M91,M29,255.53
M91,M30,200.53
M91,M31,179.738
M91,M32,190.738
M91,M33,201.738
M91,M34,212.738
M91,M35,223.738
M91,M36,253.33
M91,M37,251.13
M91,M38,262.13
M91,M39,273.13
M91,M40,218.13
M91,M41,197.338
M91,M42,208.338
M91,M43,219.338
M91,M44,230.338
M91,M45,241.338
M91,M46,270.93
M91,M47,281.93
M91,M48,292.93
M91,M49,303.93
M91,M50,314.93
M91,M51,249.491
M91,M52,260.491
M91,M53,271.491
M91,M54,282.491
M91,M55,293.491
M91,M56,293.483
M91,M57,304.483
M91,M58,315.483
M91,M59,326.483
M91,M60,287.883
M91,M61,267.091
M91,M62,278.091
M91,M63,289.091
M91,M64,300.091
M91,M65,311.091
M91,M66,339.467
M91,M67,338.483
M91,M68,349.483
M91,M69,360.483
M91,M70,305.483
M91,M71,284.691
M91,M72,295.691
M91,M73,306.691
M91,M74,317.691
M91,M75,328.691
M91,M76,258.283
M91,M77,269.283
M91,M78,280.283
M91,M79,291.283
M91,M80,302.283
M91,M81,302.291
M91,M82,313.291
M91,M83,318.675
M91,M84,329.675
M91,M85,340.675
M91,M86,304.267
M91,M87,73.792
M91,M88,84.792
M91,M89,95.792
M91,M90,40.792
M91,M92,31.0
M91,M93,42.0
M91,M94,53.0
M91,M95,64.0
M91,M96,93.592
M91,M97,104.592
M91,M98,115.592
M91,M99,126.592
M91,M100,137.592
M92,M1,181.938
M92,M2,192.938
M92,M3,203.938
M92,M4,214.938
M92,M5,225.938
M92,M6,255.53
M92,M7,253.33
M92,M8,264.33
M92,M9,275.33
M92,M10,220.33
M92,M11,199.538
M92,M12,210.538
M92,M13,221.538
M92,M14,232.538
M92,M15,243.538
M92,M16,273.13
M92,M17,270.93
M92,M18,281.93
M92,M19,292.93
M92,M20,237.93
M92,M21,217.138
M92,M22,228.138
M92,M23,239.138
M92,M24,250.138
M92,M25,261.138
M92,M26,290.73
M92,M27,288.53
M92,M28,299.53
M92,M29,310.53
M92,M30,255.53
M92,M31,234.738
M92,M32,245.738
M92,M33,256.738
M92,M34,267.738
M92,M35,278.738
M92,M36,308.33
M92,M37,306.13
M92,M38,317.13
M92,M39,328.13
M92,M40,273.13
M92,M41,252.338
M92,M42,263.338
M92,M43,274.338
M92,M44,285.338
M92,M45,296.338
M92,M46,325.93
M92,M47,336.93
M92,M48,347.93
M92,M49,358.93
M92,M50,369.93
M92,M51,304.491
M92,M52,315.491
M92,M53,326.491
M92,M54,337.491
M92,M55,348.491
M92,M56,348.483
M92,M57,359.483
M92,M58,370.483
M92,M59,381.483
M92,M60,342.883
M92,M61,322.091
M92,M62,333.091
M92,M63,344.091
M92,M64,355.091
M92,M65,366.091
M92,M66,394.467
M92,M67,393.483
M92,M68,404.483
M92,M69,415.483
M92,M70,360.483
M92,M71,339.691
M92,M72,350.691
M92,M73,361.691
M92,M74,372.691
M92,M75,383.691
M92,M76,313.283
M92,M77,324.283
M92,M78,335.283
M92,M79,346.283
M92,M80,357.283
M92,M81,357.291
M92,M82,368.291
M92,M83,373.675
M92,M84,384.675
M92,M85,395.675
M92,M86,359.267
M92,M87,62.792
M92,M88,73.792
M92,M89,84.792
M92,M90,95.792
M92,M91,129.784
M92,M93,31.0
M92,M94,42.0
M92,M95,53.0
M92,M96,82.592
M92,M97,93.592
M92,M98,104.592
M92,M99,115.592
M92,M100,126.592
M93,M1,170.938
M93,M2,181.938
M93,M3,192.938
M93,M4,203.938
M93,M5,214.938
M93,M6,244.53
M93,M7,242.33
M93,M8,253.33
M93,M9,264.33
M93,M10,209.33
M93,M11,188.538
M93,M12,199.538
M93,M13,210.538
M93,M14,221.538
M93,M15,232.538
M93,M16,262.13
M93,M17,259.93
M93,M18,270.93
M93,M19,281.93
M93,M20,226.93
M93,M21,206.138
M93,M22,217.138
M93,M23,228.138
M93,M24,239.138
M93,M25,250.138
M93,M26,279.73
M93,M27,277.53
M93,M28,288.53
M93,M29,299.53
M93,M30,244.53
M93,M31,223.738
M93,M32,234.738
M93,M33,245.738
M93,M34,256.738
M93,M35,267.738
M93,M36,297.33
M93,M37,295.13
M93,M38,306.13
M93,M39,317.13
M93,M40,262.13
M93,M41,241.338
M93,M42,252.338
M93,M43,263.338
M93,M44,274.338
M93,M45,285.338
M93,M46,314.93
M93,M47,325.93
M93,M48,336.93
M93,M49,347.93
M93,M50,358.93
M93,M51,293.491
M93,M52,304.491
M93,M53,315.491
M93,M54,326.491
M93,M55,337.491
M93,M56,337.483
M93,M57,348.483
M93,M58,359.483
M93,M59,370.483
M93,M60,331.883
M93,M61,311.091
M93,M62,322.091
M93,M63,333.091
M93,M64,344.091
M93,M65,355.091
M93,M66,383.467
M93,M67,382.483
M93,M68,393.483
M93,M69,404.483
M93,M70,349.483
M93,M71,328.691
M93,M72,339.691
M93,M73,350.691
M93,M74,361.691
M93,M75,372.691
M93,M76,302.283
M93,M77,313.283
M93,M78,324.283
M93,M79,335.283
M93,M80,346.283
M93,M81,346.291
M93,M82,357.291
M93,M83,362.675
M93,M84,373.675
M93,M85,384.675
M93,M86,348.267
M93,M87,51.792
M93,M88,62.792
M93,M89,73.792
M93,M90,84.792
M93,M91,118.784
M93,M92,129.784
M93,M94,31.0
M93,M95,42.0
M93,M96,71.592
M93,M97,82.592
M93,M98,93.592
M93,M99,104.592
M93,M100,115.592
M94,M1,159.938
M94,M2,170.938
M94,M3,181.938
M94,M4,192.938
M94,M5,203.938
M94,M6,233.53
M94,M7,231.33
M94,M8,242.33
M94,M9,253.33
M94,M10,198.33
M94,M11,177.538
M94,M12,188.538
M94,M13,199.538
M94,M14,210.538
M94,M15,221.538
M94,M16,251.13
M94,M17,248.93
M94,M18,259.93
M94,M19,270.93
M94,M20,215.93
M94,M21,195.138
M94,M22,206.138
M94,M23,217.138
M94,M24,228.138
M94,M25,239.138
M94,M26,268.73
M94,M27,266.53
M94,M28,277.53
M94,M29,288.53
M94,M30,233.53
M94,M31,212.738
M94,M32,223.738
M94,M33,234.738
M94,M34,245.738
M94,M35,256.738
M94,M36,286.33
M94,M37,284.13
M94,M38,295.13
M94,M39,306.13
M94,M40,251.13
M94,M41,230.338
M94,M42,241.338
M94,M43,252.338
M94,M44,263.338
M94,M45,274.338
M94,M46,303.93
M94,M47,314.93
M94,M48,325.93
M94,M49,336.93
M94,M50,347.93
M94,M51,282.491
M94,M52,293.491
M94,M53,304.491
M94,M54,315.491
M94,M55,326.491
M94,M56,326.483
M94,M57,337.483
M94,M58,348.483
M94,M59,359.483
M94,M60,320.883
M94,M61,300.091
M94,M62,311.091
M94,M63,322.091
M94,M64,333.091
M94,M65,344.091
M94,M66,372.467
M94,M67,371.483
M94,M68,382.483
M94,M69,393.483
M94,M70,338.483
M94,M71,317.691
M94,M72,328.691
M94,M73,339.691
M94,M74,350.691
M94,M75,361.691
M94,M76,291.283
M94,M77,302.283
M94,M78,313.283
M94,M79,324.283
M94,M80,335.283
M94,M81,335.291
M94,M82,346.291
M94,M83,351.675
M94,M84,362.675
M94,M85,373.675
M94,M86,337.267
M94,M87,40.792
M94,M88,51.792
M94,M89,62.792
M94,M90,73.792
M94,M91,107.784
M94,M92,118.784
M94,M93,90.184
M94,M95,31.0
M94,M96,60.592
M94,M97,71.592
M94,M98,82.592
M94,M99,93.592
M94,M100,104.592
M95,M1,162.138
M95,M2,173.138
M95,M3,184.138
M95,M4,195.138
M95,M5,206.138
M95,M6,235.73
M95,M7,233.53
M95,M8,244.53
M95,M9,255.53
M95,M10,200.53
M95,M11,179.738
M95,M12,190.738
M95,M13,201.738
M95,M14,212.738
M95,M15,223.738
M95,M16,253.33
M95,M17,251.13
M95,M18,262.13
M95,M19,273.13
M95,M20,218.13
M95,M21,197.338
M95,M22,208.338
M95,M23,219.338
M95,M24,230.338
M95,M25,241.338
M95,M26,270.93
M95,M27,268.73
M95,M28,279.73
M95,M29,290.73
M95,M30,235.73
M95,M31,214.938
M95,M32,225.938
M95,M33,236.938
M95,M34,247.938
M95,M35,258.938
M95,M36,288.53
M95,M37,286.33
M95,M38,297.33
M95,M39,308.33
M95,M40,253.33
M95,M41,232.538
M95,M42,243.538
M95,M43,254.538
M95,M44,265.538
M95,M45,276.538
M95,M46,306.13
M95,M47,317.13
M95,M48,328.13
M95,M49,339.13
M95,M50,350.13
M95,M51,284.691
M95,M52,295.691
M95,M53,306.691
M95,M54,317.691
M95,M55,328.691
M95,M56,328.683
M95,M57,339.683
M95,M58,350.683
M95,M59,361.683
M95,M60,323.083
M95,M61,302.291
M95,M62,313.291
M95,M63,324.291
M95,M64,335.291
M95,M65,346.291
M95,M66,374.667
M95,M67,373.683
M95,M68,384.683
M95,M69,395.683
M95,M70,340.683
M95,M71,319.891
M95,M72,330.891
M95,M73,341.891
M95,M74,352.891
M95,M75,363.891
M95,M76,293.483
M95,M77,304.483
M95,M78,315.483
M95,M79,326.483
M95,M80,337.483
M95,M81,337.491
M95,M82,348.491
M95,M83,353.875
M95,M84,364.875
M95,M85,375.875
M95,M86,339.467
M95,M87,350.467
M95,M88,361.467
M95,M89,372.467
M95,M90,375.883
M95,M91,355.091
M95,M92,366.091
M95,M93,377.091
M95,M94,388.091
M95,M96,49.592
M95,M97,60.592
M95,M98,71.592
M95,M99,82.592
M95,M100,93.592
M96,M1,132.545
M96,M2,143.545
M96,M3,154.545
M96,M4,165.545
M96,M5,176.545
M96,M6,206.138
M96,M7,203.938
M96,M8,214.938
M96,M9,225.938
M96,M10,170.938
M96,M11,150.145
M96,M12,161.145
M96,M13,172.145
M96,M14,183.145
M96,M15,194.145
M96,M16,223.738
M96,M17,221.538
M96,M18,232.538
M96,M19,243.538
M96,M20,188.538
M96,M21,167.745
M96,M22,178.745
M96,M23,189.745
M96,M24,200.745
M96,M25,211.745
M96,M26,241.338
M96,M27,239.138
M96,M28,250.138
M96,M29,261.138
M96,M30,206.138
M96,M31,185.345
M96,M32,196.345
M96,M33,207.345
M96,M34,218.345
M96,M35,229.345
M96,M36,258.938
M96,M37,256.738
M96,M38,267.738
M96,M39,278.738
M96,M40,223.738
M96,M41,202.945
M96,M42,213.945
M96,M43,224.945
M96,M44,235.945
M96,M45,246.945
M96,M46,276.538
M96,M47,287.538
M96,M48,298.538
M96,M49,309.538
M96,M50,320.538
M96,M51,255.099
M96,M52,266.099
M96,M53,277.099
M96,M54,288.099
M96,M55,299.099
M96,M56,299.091
M96,M57,310.091
M96,M58,321.091
M96,M59,332.091
M96,M60,293.491
M96,M61,272.699
M96,M62,283.699
M96,M63,294.699
M96,M64,305.699
M96,M65,316.699
M96,M66,345.075
M96,M67,344.091
M96,M68,355.091
M96,M69,366.091
M96,M70,311.091
M96,M71,290.299
M96,M72,301.299
M96,M73,312.299
M96,M74,323.299
M96,M75,334.299
M96,M76,263.891
M96,M77,274.891
M96,M78,285.891
M96,M79,296.891
M96,M80,307.891
M96,M81,307.899
M96,M82,318.899
M96,M83,324.283
M96,M84,335.283
M96,M85,346.283
M96,M86,309.875
M96,M87,320.875
M96,M88,331.875
M96,M89,342.875
M96,M90,346.291
M96,M91,325.499
M96,M92,336.499
M96,M93,347.499
M96,M94,358.499
M96,M95,369.499
M96,M97,31.0
M96,M98,42.0
M96,M99,53.0
M96,M100,64.0
M97,M1,121.545
M97,M2,132.545
M97,M3,143.545
M97,M4,154.545
M97,M5,165.545
M97,M6,195.138
M97,M7,192.938
M97,M8,203.938
M97,M9,214.938
M97,M10,159.938
M97,M11,139.145
M97,M12,150.145
M97,M13,161.145
M97,M14,172.145
M97,M15,183.145
M97,M16,212.738
M97,M17,210.538
M97,M18,221.538
M97,M19,232.538
M97,M20,177.538
M97,M21,156.745
M97,M22,167.745
M97,M23,178.745
M97,M24,189.745
M97,M25,200.745
M97,M26,230.338
M97,M27,228.138
M97,M28,239.138
M97,M29,250.138
M97,M30,195.138
M97,M31,174.345
M97,M32,185.345
M97,M33,196.345
M97,M34,207.345
M97,M35,218.345
M97,M36,247.938
M97,M37,245.738
M97,M38,256.738
M97,M39,267.738
M97,M40,212.738
M97,M41,191.945
M97,M42,202.945
M97,M43,213.945
M97,M44,224.945
M97,M45,235.945
M97,M46,265.538
M97,M47,276.538
M97,M48,287.538
M97,M49,298.538
M97,M50,309.538
M97,M51,244.099
M97,M52,255.099
M97,M53,266.099
M97,M54,277.099
M97,M55,288.099
M97,M56,288.091
M97,M57,299.091
M97,M58,310.091
M97,M59,321.091
M97,M60,282.491
M97,M61,261.699
M97,M62,272.699
M97,M63,283.699
M97,M64,294.699
M97,M65,305.699
M97,M66,334.075
M97,M67,333.091
M97,M68,344.091
M97,M69,355.091
M97,M70,300.091
M97,M71,279.299
M97,M72,290.299
M97,M73,301.299
M97,M74,312.299
M97,M75,323.299
M97,M76,252.891
M97,M77,263.891
M97,M78,274.891
M97,M79,285.891
M97,M80,296.891
M97,M81,296.899
M97,M82,307.899
M97,M83,313.283
M97,M84,324.283
M97,M85,335.283
M97,M86,298.875
M97,M87,309.875
M97,M88,320.875
M97,M89,331.875
M97,M90,335.291
M97,M91,314.499
M97,M92,325.499
M97,M93,336.499
M97,M94,347.499
M97,M95,358.499
M97,M96,217.691
M97,M98,31.0
M97,M99,42.0
M97,M100,53.0
M98,M1,110.545
M98,M2,121.545
M98,M3,132.545
M98,M4,143.545
M98,M5,154.545
M98,M6,184.138
M98,M7,181.938
M98,M8,192.938
M98,M9,203.938
M98,M10,148.938
M98,M11,128.145
M98,M12,139.145
M98,M13,150.145
M98,M14,161.145
M98,M15,172.145
M98,M16,201.738
M98,M17,199.538
M98,M18,210.538
M98,M19,221.538
M98,M20,166.538
M98,M21,145.745
M98,M22,156.745
M98,M23,167.745
M98,M24,178.745
M98,M25,189.745
M98,M26,219.338
M98,M27,217.138
M98,M28,228.138
M98,M29,239.138
M98,M30,184.138
M98,M31,163.345
M98,M32,174.345
M98,M33,185.345
M98,M34,196.345
M98,M35,207.345
M98,M36,236.938
M98,M37,234.738
M98,M38,245.738
M98,M39,256.738
M98,M40,201.738
M98,M41,180.945
M98,M42,191.945
M98,M43,202.945
M98,M44,213.945
M98,M45,224.945
M98,M46,254.538
M98,M47,265.538
M98,M48,276.538
M98,M49,287.538
M98,M50,298.538
M98,M51,233.099
M98,M52,244.099
M98,M53,255.099
M98,M54,266.099
M98,M55,277.099
M98,M56,277.091
M98,M57,288.091
M98,M58,299.091
M98,M59,310.091
M98,M60,271.491
M98,M61,250.699
M98,M62,261.699
M98,M63,272.699
M98,M64,283.699
M98,M65,294.699
M98,M66,323.075
M98,M67,322.091
M98,M68,333.091
M98,M69,344.091
M98,M70,289.091
M98,M71,268.299
M98,M72,279.299
M98,M73,290.299
M98,M74,301.299
M98,M75,312.299
M98,M76,241.891
M98,M77,252.891
M98,M78,263.891
M98,M79,274.891
M98,M80,285.891
M98,M81,285.899
M98,M82,296.899
M98,M83,302.283
M98,M84,313.283
M98,M85,324.283
M98,M86,287.875
M98,M87,298.875
M98,M88,309.875
M98,M89,320.875
M98,M90,324.291
M98,M91,303.499
M98,M92,314.499
M98,M93,325.499
M98,M94,336.499
M98,M95,347.499
M98,M96,206.691
M98,M97,217.691
M98,M99,31.0
M98,M100,42.0
M99,M1,99.545
M99,M2,110.545
M99,M3,121.545
M99,M4,132.545
M99,M5,143.545
M99,M6,173.138
M99,M7,170.938
M99,M8,181.938
M99,M9,192.938
M99,M10,137.938
M99,M11,117.145
M99,M12,128.145
M99,M13,139.145
M99,M14,150.145
M99,M15,161.145
M99,M16,190.738
M99,M17,188.538
M99,M18,199.538
M99,M19,210.538
M99,M20,155.538
M99,M21,134.745
M99,M22,145.745
M99,M23,156.745
M99,M24,167.745
M99,M25,178.745
M99,M26,208.338
M99,M27,206.138
M99,M28,217.138
M99,M29,228.138
M99,M30,173.138
M99,M31,152.345
M99,M32,163.345
M99,M33,174.345
M99,M34,185.345
M99,M35,196.345
M99,M36,225.938
M99,M37,223.738
M99,M38,234.738
M99,M39,245.738
M99,M40,190.738
M99,M41,169.945
M99,M42,180.945
M99,M43,191.945
M99,M44,202.945
M99,M45,213.945
M99,M46,243.538
M99,M47,254.538
M99,M48,265.538
M99,M49,276.538
M99,M50,287.538
M99,M51,222.099
M99,M52,233.099
M99,M53,244.099
M99,M54,255.099
M99,M55,266.099
M99,M56,266.091
M99,M57,277.091
M99,M58,288.091
M99,M59,299.091
M99,M60,260.491
M99,M61,239.699
M99,M62,250.699
M99,M63,261.699
M99,M64,272.699
M99,M65,283.699
M99,M66,312.075
M99,M67,311.091
M99,M68,322.091
M99,M69,333.091
M99,M70,278.091
M99,M71,257.299
M99,M72,268.299
M99,M73,279.299
M99,M74,290.299
M99,M75,301.299
M99,M76,230.891
M99,M77,241.891
M99,M78,252.891
M99,M79,263.891
M99,M80,274.891
M99,M81,274.899
M99,M82,285.899
M99,M83,291.283
M99,M84,302.283
M99,M85,313.283
M99,M86,276.875
M99,M87,287.875
M99,M88,298.875
M99,M89,309.875
M99,M90,313.291
M99,M91,292.499
M99,M92,303.499
M99,M93,314.499
M99,M94,325.499
M99,M95,336.499
M99,M96,195.691
M99,M97,206.691
M99,M98,217.691
M99,M100,31.0
M100,M1,88.545
M100,M2,99.545
M100,M3,110.545
M100,M4,121.545
M100,M5,132.545
M100,M6,162.138
M100,M7,159.938
M100,M8,170.938
M100,M9,181.938
M100,M10,126.938
M100,M11,106.145
M100,M12,117.145
M100,M13,128.145
M100,M14,139.145
M100,M15,150.145
M100,M16,179.738
M100,M17,177.538
M100,M18,188.538
M100,M19,199.538
M100,M20,144.538
M100,M21,123.745
M100,M22,134.745
M100,M23,145.745
M100,M24,156.745
M100,M25,167.745
M100,M26,197.338
M100,M27,195.138
M100,M28,206.138
M100,M29,217.138
M100,M30,162.138
M100,M31,141.345
M100,M32,152.345
M100,M33,163.345
M100,M34,174.345
M100,M35,185.345
M100,M36,214.938
M100,M37,212.738
M100,M38,223.738
M100,M39,234.738
M100,M40,179.738
M100,M41,158.945
M100,M42,169.945
M100,M43,180.945
M100,M44,191.945
M100,M45,202.945
M100,M46,232.538
M100,M47,243.538
M100,M48,254.538
M100,M49,265.538
M100,M50,276.538
M100,M51,211.099
M100,M52,222.099
M100,M53,233.099
M100,M54,244.099
M100,M55,255.099
M100,M56,255.091
M100,M57,266.091
M100,M58,277.091
M100,M59,288.091
M100,M60,249.491
M100,M61,228.699
M100,M62,239.699
M100,M63,250.699
M100,M64,261.699
M100,M65,272.699
M100,M66,301.075
M100,M67,300.091
M100,M68,311.091
M100,M69,322.091
M100,M70,267.091
M100,M71,246.299
M100,M72,257.299
M100,M73,268.299
M100,M74,279.299
M100,M75,290.299
M100,M76,219.891
M100,M77,230.891
M100,M78,241.891
M100,M79,252.891
M100,M80,263.891
M100,M81,263.899
M100,M82,274.899
M100,M83,280.283
M100,M84,291.283
M100,M85,302.283
M100,M86,265.875
M100,M87,276.875
M100,M88,287.875
M100,M89,298.875
M100,M90,302.291
M100,M91,281.499
M100,M92,292.499
M100,M93,303.499
M100,M94,314.499
M100,M95,325.499
M100,M96,184.691
M100,M97,195.691
M100,M98,206.691
M100,M99,217.691
